_id,tarih,urun_ad,birim,tur,en_dusuk_fiyat,en_yuksek_fiyat,ortalama_fiyat
14,2004-03-02T00:00:00,ISPANAK,Kg,0,0.3,0.7,0.5
50,2004-03-08T00:00:00,ISPANAK,Kg,0,0.35,0.5,0.425
77,2004-03-11T00:00:00,ISPANAK,Kg,0,0.3,0.65,0.475
103,2004-03-18T00:00:00,ISPANAK,Kg,0,0.3,0.55,0.425
178,2004-04-01T00:00:00,ISPANAK,Kg,0,0.3,0.5,0.4
231,2004-04-12T00:00:00,ISPANAK,Kg,0,0.25,0.4,0.325
258,2004-04-15T00:00:00,ISPANAK,Kg,0,0.3,0.6,0.4499999999999999
283,2004-04-20T00:00:00,ISPANAK,Kg,0,0.3,0.4,0.35
302,2004-04-22T00:00:00,ISPANAK,Kg,0,0.45,0.65,0.55
328,2004-05-07T00:00:00,ISPANAK,Kg,0,0.5,0.75,0.625
371,2004-05-10T00:00:00,ISPANAK,Kg,0,0.5,0.8,0.65
411,2004-05-20T00:00:00,ISPANAK,Kg,0,0.3,0.35,0.3249999999999999
450,2004-05-24T00:00:00,ISPANAK,Kg,0,0.6,0.7,0.6499999999999999
486,2004-05-31T00:00:00,ISPANAK,Kg,0,0.65,0.8,0.7250000000000001
525,2004-06-10T00:00:00,ISPANAK,Kg,0,0.4,0.5,0.45
563,2004-06-17T00:00:00,ISPANAK,Kg,0,0.0,0.7,0.35
600,2004-06-21T00:00:00,ISPANAK,Kg,0,0.4,0.6,0.5
632,2004-06-24T00:00:00,ISPANAK,Kg,0,0.0,0.6,0.3
671,2004-06-29T00:00:00,ISPANAK,Kg,0,0.0,0.6,0.3
711,2004-07-01T00:00:00,ISPANAK,Kg,0,0.0,0.7,0.35
748,2004-07-05T00:00:00,ISPANAK,Kg,0,0.0,0.7,0.35
788,2004-07-08T00:00:00,ISPANAK,Kg,0,0.0,0.7,0.35
824,2004-07-13T00:00:00,ISPANAK,Kg,0,0.0,0.75,0.375
861,2004-07-15T00:00:00,ISPANAK,Kg,0,0.0,0.7,0.35
902,2004-07-19T00:00:00,ISPANAK,Kg,0,0.0,0.9,0.45
940,2004-07-22T00:00:00,ISPANAK,Kg,0,0.0,0.7,0.35
977,2004-07-26T00:00:00,ISPANAK,Kg,0,0.5,0.7,0.6
1013,2004-07-29T00:00:00,ISPANAK,Kg,0,0.6,0.7,0.6499999999999999
1050,2004-08-17T00:00:00,ISPANAK,Kg,0,0.0,0.75,0.375
1088,2004-08-20T00:00:00,ISPANAK,Kg,0,0.4,0.6,0.5
1128,2004-08-26T00:00:00,ISPANAK,Kg,0,0.0,0.6,0.3
1162,2004-08-31T00:00:00,ISPANAK,Kg,0,0.55,0.7,0.625
1204,2004-09-03T00:00:00,ISPANAK,Kg,0,0.6,0.8,0.7
1254,2004-09-06T00:00:00,ISPANAK,Kg,0,0.6,0.8,0.7
1306,2004-09-09T00:00:00,ISPANAK,Kg,0,0.6,0.7,0.6499999999999999
1352,2004-09-13T00:00:00,ISPANAK,Kg,0,0.5,0.6,0.55
1389,2004-09-16T00:00:00,ISPANAK,Kg,0,0.6,0.7,0.6499999999999999
1427,2004-09-20T00:00:00,ISPANAK,Kg,0,0.5,0.6,0.55
1480,2004-09-23T00:00:00,ISPANAK,Kg,0,0.4,0.6,0.5
1519,2004-09-27T00:00:00,ISPANAK,Kg,0,0.3,0.4,0.35
1555,2004-09-30T00:00:00,ISPANAK,Kg,0,0.6,0.9,0.75
1636,2004-10-07T00:00:00,ISPANAK,Kg,0,0.5,0.7,0.6
1681,2004-10-11T00:00:00,ISPANAK,Kg,0,0.4,0.6,0.5
1728,2004-10-14T00:00:00,ISPANAK,Kg,0,0.4,0.6,0.5
1770,2004-10-18T00:00:00,ISPANAK,Kg,0,0.4,0.45,0.425
1815,2004-10-21T00:00:00,ISPANAK,Kg,0,0.4,0.6,0.5
1858,2004-10-25T00:00:00,ISPANAK,Kg,0,0.4,0.5,0.45
1899,2004-10-28T00:00:00,ISPANAK,Kg,0,0.5,0.6,0.55
1941,2004-11-01T00:00:00,ISPANAK,Kg,0,0.5,0.65,0.575
1983,2004-11-04T00:00:00,ISPANAK,Kg,0,0.5,0.65,0.575
2024,2004-11-08T00:00:00,ISPANAK,Kg,0,0.3,0.4,0.35
2068,2004-11-11T00:00:00,ISPANAK,Kg,0,0.35,0.6,0.475
2107,2004-11-17T00:00:00,ISPANAK,Kg,0,0.35,0.6,0.475
2137,2004-11-25T00:00:00,ISPANAK,Kg,0,0.4,0.6,0.5
2190,2004-12-06T00:00:00,ISPANAK,Kg,0,0.4,0.6,0.5
2233,2004-12-08T00:00:00,ISPANAK,Kg,0,0.4,0.6,0.5
2289,2004-12-09T00:00:00,ISPANAK,Kg,0,0.4,0.5,0.45
2339,2004-12-13T00:00:00,ISPANAK,Kg,0,0.45,0.5,0.475
2388,2004-12-16T00:00:00,ISPANAK,Kg,0,0.45,0.5,0.475
2437,2004-12-20T00:00:00,ISPANAK,Kg,0,0.55,0.6,0.575
2484,2004-12-23T00:00:00,ISPANAK,Kg,0,0.75,1.2,0.975
2527,2004-12-27T00:00:00,ISPANAK,Kg,0,0.5,0.8,0.65
2578,2004-12-30T00:00:00,ISPANAK,Kg,0,0.8,1.0,0.9
2621,2005-01-03T00:00:00,ISPANAK,Kg,0,0.0,0.0,0.0
2674,2005-01-06T00:00:00,ISPANAK,Kg,0,0.6,0.7,0.6499999999999999
2723,2005-01-10T00:00:00,ISPANAK,Kg,0,0.55,0.6,0.575
2771,2005-01-13T00:00:00,ISPANAK,Kg,0,0.5,0.75,0.625
2817,2005-01-17T00:00:00,ISPANAK,Kg,0,0.5,0.6,0.55
2882,2005-01-24T00:00:00,ISPANAK,Kg,0,0.6,1.0,0.8
2925,2005-01-27T00:00:00,ISPANAK,Kg,0,0.45,0.6,0.525
2970,2005-01-31T00:00:00,ISPANAK,Kg,0,0.4,0.6,0.5
3021,2005-02-03T00:00:00,ISPANAK,Kg,0,0.3,0.7,0.5
3066,2005-02-07T00:00:00,ISPANAK,Kg,0,0.4,0.75,0.575
3114,2005-02-10T00:00:00,ISPANAK,Kg,0,0.6,1.0,0.8
3156,2005-02-17T00:00:00,ISPANAK,Kg,0,0.4,0.6,0.5
3201,2005-02-21T00:00:00,ISPANAK,Kg,0,0.4,0.65,0.525
3248,2005-02-24T00:00:00,ISPANAK,Kg,0,0.4,0.7,0.55
3294,2005-02-28T00:00:00,ISPANAK,Kg,0,0.35,0.5,0.425
3342,2005-03-03T00:00:00,ISPANAK,Kg,0,0.45,0.5,0.475
3390,2005-03-07T00:00:00,ISPANAK,Kg,0,0.35,0.65,0.5
3436,2005-03-10T00:00:00,ISPANAK,Kg,0,0.28,0.5,0.39
3481,2005-03-14T00:00:00,ISPANAK,Kg,0,0.35,0.75,0.55
3531,2005-03-17T00:00:00,ISPANAK,Kg,0,0.15,0.25,0.2
3583,2005-03-21T00:00:00,ISPANAK,Kg,0,0.35,0.55,0.45
3629,2005-03-24T00:00:00,ISPANAK,Kg,0,0.25,0.4,0.325
3669,2005-03-28T00:00:00,ISPANAK,Kg,0,0.4,0.55,0.475
3710,2005-03-31T00:00:00,ISPANAK,Kg,0,0.3,0.55,0.425
3755,2005-04-04T00:00:00,ISPANAK,Kg,0,0.2,0.5,0.35
3797,2005-04-07T00:00:00,ISPANAK,Kg,0,0.25,0.5,0.375
3843,2005-04-11T00:00:00,ISPANAK,Kg,0,0.3,0.35,0.3249999999999999
3894,2005-04-14T00:00:00,ISPANAK,Kg,0,0.2,0.5,0.35
3940,2005-04-18T00:00:00,ISPANAK,Kg,0,0.3,0.35,0.3249999999999999
3991,2005-04-21T00:00:00,ISPANAK,Kg,0,0.4,0.5,0.45
4045,2005-04-25T00:00:00,ISPANAK,Kg,0,0.3,0.4,0.35
4095,2005-04-28T00:00:00,ISPANAK,Kg,0,0.2,0.35,0.275
4142,2005-05-02T00:00:00,ISPANAK,Kg,0,0.35,0.4,0.375
4192,2005-05-05T00:00:00,ISPANAK,Kg,0,0.4,0.5,0.45
4242,2005-05-09T00:00:00,ISPANAK,Kg,0,0.2,0.5,0.35
4290,2005-05-12T00:00:00,ISPANAK,Kg,0,0.2,0.35,0.275
4339,2005-05-16T00:00:00,ISPANAK,Kg,0,0.5,0.55,0.525
4385,2005-05-20T00:00:00,ISPANAK,Kg,0,0.35,0.4,0.375
4433,2005-05-23T00:00:00,ISPANAK,Kg,0,0.3,0.45,0.375
4483,2005-05-26T00:00:00,ISPANAK,Kg,0,0.15,0.8,0.475
4532,2005-05-30T00:00:00,ISPANAK,Kg,0,0.3,0.5,0.4
4580,2005-06-02T00:00:00,ISPANAK,Kg,0,0.5,0.6,0.55
4632,2005-06-06T00:00:00,ISPANAK,Kg,0,0.6,0.7,0.6499999999999999
4683,2005-06-09T00:00:00,ISPANAK,Kg,0,0.3,0.5,0.4
4734,2005-06-13T00:00:00,ISPANAK,Kg,0,0.3,0.5,0.4
4784,2005-06-16T00:00:00,ISPANAK,Kg,0,0.3,0.5,0.4
4832,2005-06-20T00:00:00,ISPANAK,Kg,0,0.15,0.3,0.2249999999999999
4877,2005-06-23T00:00:00,ISPANAK,Kg,0,0.2,0.4,0.3
4926,2005-06-27T00:00:00,ISPANAK,Kg,0,0.3,0.5,0.4
4980,2005-06-30T00:00:00,ISPANAK,Kg,0,0.35,0.4,0.375
5028,2005-07-04T00:00:00,ISPANAK,Kg,0,0.3,0.4,0.35
5078,2005-07-07T00:00:00,ISPANAK,Kg,0,0.4,0.75,0.575
5128,2005-07-11T00:00:00,ISPANAK,Kg,0,0.45,0.7,0.575
5174,2005-07-25T00:00:00,ISPANAK,Kg,0,0.5,0.6,0.55
5220,2005-08-01T00:00:00,ISPANAK,Kg,0,0.5,0.65,0.575
5270,2005-08-25T00:00:00,ISPANAK,Kg,0,0.5,0.85,0.675
5322,2005-08-29T00:00:00,ISPANAK,Kg,0,0.6,0.8,0.7
5367,2005-09-01T00:00:00,ISPANAK,Kg,0,0.55,0.75,0.65
5413,2005-09-05T00:00:00,ISPANAK,Kg,0,0.5,0.7,0.6
5458,2005-09-08T00:00:00,ISPANAK,Kg,0,0.6,0.8,0.7
5503,2005-09-12T00:00:00,ISPANAK,Kg,0,0.5,0.6,0.55
5549,2005-09-15T00:00:00,ISPANAK,Kg,0,0.5,0.8,0.65
5595,2005-09-19T00:00:00,ISPANAK,Kg,0,0.7,1.0,0.85
5688,2005-09-26T00:00:00,ISPANAK,Kg,0,0.7,1.0,0.85
5747,2005-09-29T00:00:00,ISPANAK,Kg,0,0.6,0.8,0.7
5799,2005-10-03T00:00:00,ISPANAK,Kg,0,0.7,0.75,0.725
5880,2005-10-10T00:00:00,ISPANAK,Kg,0,0.0,1.0,0.5
5922,2005-10-13T00:00:00,ISPANAK,Kg,0,0.0,0.0,0.0
6003,2005-10-20T00:00:00,ISPANAK,Kg,0,0.0,1.0,0.5
6045,2005-10-21T00:00:00,ISPANAK,Kg,0,1.0,1.2,1.1
6081,2005-10-24T00:00:00,ISPANAK,Kg,0,0.75,1.2,0.975
6127,2005-10-27T00:00:00,ISPANAK,Kg,0,0.65,1.1,0.875
6173,2005-10-31T00:00:00,ISPANAK,Kg,0,0.8,1.3,1.05
6207,2005-11-07T00:00:00,ISPANAK,Kg,0,0.6,1.1,0.8500000000000001
6263,2005-11-10T00:00:00,ISPANAK,Kg,0,0.6,1.0,0.8
6314,2005-11-14T00:00:00,ISPANAK,Kg,0,0.4,0.0,0.2
6366,2005-11-17T00:00:00,ISPANAK,Kg,0,0.4,0.75,0.575
6414,2005-11-21T00:00:00,ISPANAK,Kg,0,0.3,0.9,0.6
6463,2005-11-24T00:00:00,ISPANAK,Kg,0,0.45,1.3,0.875
6511,2005-11-28T00:00:00,ISPANAK,Kg,0,0.6,1.0,0.8
6559,2005-12-01T00:00:00,ISPANAK,Kg,0,0.5,0.75,0.625
6607,2005-12-05T00:00:00,ISPANAK,Kg,0,0.5,0.8,0.65
6655,2005-12-08T00:00:00,ISPANAK,Kg,0,0.5,0.7,0.6
6706,2005-12-12T00:00:00,ISPANAK,Kg,0,0.35,0.75,0.55
6752,2005-12-15T00:00:00,ISPANAK,Kg,0,0.5,0.6,0.55
6799,2005-12-19T00:00:00,ISPANAK,Kg,0,0.5,0.6,0.55
6849,2005-12-22T00:00:00,ISPANAK,Kg,0,0.55,0.8,0.675
6896,2005-12-26T00:00:00,ISPANAK,Kg,0,0.55,0.8,0.675
6942,2005-12-29T00:00:00,ISPANAK,Kg,0,0.4,0.6,0.5
6989,2006-01-02T00:00:00,ISPANAK,Kg,0,0.5,0.6,0.55
7030,2006-01-05T00:00:00,ISPANAK,Kg,0,0.6,0.65,0.625
7078,2006-01-16T00:00:00,ISPANAK,Kg,0,0.4,0.6,0.5
7124,2006-01-30T00:00:00,ISPANAK,Kg,0,0.35,0.6,0.475
7172,2006-02-06T00:00:00,ISPANAK,Kg,0,0.4,0.55,0.475
7221,2006-02-09T00:00:00,ISPANAK,Kg,0,0.5,0.85,0.675
7269,2007-01-15T00:00:00,ISPANAK,Kg,0,1.0,1.2,1.1
7336,2007-01-18T00:00:00,ISPANAK,Kg,0,0.5,1.2,0.85
7390,2007-01-22T00:00:00,ISPANAK,Kg,0,0.5,1.0,0.75
7443,2007-01-25T00:00:00,ISPANAK,Kg,0,0.4,0.85,0.625
7496,2007-01-29T00:00:00,ISPANAK,Kg,0,0.8,1.0,0.9
7550,2007-02-01T00:00:00,ISPANAK,Kg,0,0.7,0.9,0.8
7604,2007-02-05T00:00:00,ISPANAK,Kg,0,0.4,0.7,0.55
7662,2007-02-08T00:00:00,ISPANAK,Kg,0,0.6,1.0,0.8
7716,2007-02-12T00:00:00,ISPANAK,Kg,0,0.4,0.9,0.65
7771,2007-02-14T00:00:00,ISPANAK,Kg,0,0.3,0.6,0.4499999999999999
7827,2007-02-15T00:00:00,ISPANAK,Kg,0,0.3,0.6,0.4499999999999999
7883,2007-02-19T00:00:00,ISPANAK,Kg,0,0.3,0.55,0.425
7936,2007-02-22T00:00:00,ISPANAK,Kg,0,0.35,0.5,0.425
7993,2007-02-26T00:00:00,ISPANAK,Kg,0,0.25,0.5,0.375
8050,2007-03-01T00:00:00,ISPANAK,Kg,0,0.35,0.5,0.425
8106,2007-03-05T00:00:00,ISPANAK,Kg,0,0.35,0.4,0.375
8163,2007-03-08T00:00:00,ISPANAK,Kg,0,0.3,0.4,0.35
8220,2007-03-12T00:00:00,ISPANAK,Kg,0,0.35,0.6,0.475
8274,2007-03-15T00:00:00,ISPANAK,Kg,0,0.45,0.75,0.6
8330,2007-03-19T00:00:00,ISPANAK,Kg,0,0.35,0.55,0.45
8388,2007-03-22T00:00:00,ISPANAK,Kg,0,0.2,0.35,0.275
8443,2007-03-26T00:00:00,ISPANAK,Kg,0,0.35,0.5,0.425
8501,2007-03-29T00:00:00,ISPANAK,Kg,0,0.35,0.75,0.55
8559,2007-04-02T00:00:00,ISPANAK,Kg,0,0.25,0.35,0.3
8617,2007-04-05T00:00:00,ISPANAK,Kg,0,0.5,0.7,0.6
8673,2007-04-09T00:00:00,ISPANAK,Kg,0,0.5,0.65,0.575
8732,2007-04-12T00:00:00,ISPANAK,Kg,0,0.25,0.5,0.375
8788,2007-04-16T00:00:00,ISPANAK,Kg,0,0.4,0.5,0.45
8842,2007-04-19T00:00:00,ISPANAK,Kg,0,0.4,0.6,0.5
8897,2007-04-26T00:00:00,ISPANAK,Kg,0,0.3,0.35,0.3249999999999999
8954,2007-04-30T00:00:00,ISPANAK,Kg,0,0.25,0.5,0.375
9013,2007-05-03T00:00:00,ISPANAK,Kg,0,0.3,0.6,0.4499999999999999
9069,2007-05-07T00:00:00,ISPANAK,Kg,0,0.3,0.4,0.35
9127,2007-05-10T00:00:00,ISPANAK,Kg,0,0.35,0.8,0.575
9186,2007-05-14T00:00:00,ISPANAK,Kg,0,0.25,0.55,0.4
9244,2007-05-17T00:00:00,ISPANAK,Kg,0,0.35,0.5,0.425
9306,2007-05-21T00:00:00,ISPANAK,Kg,0,0.5,0.6,0.55
9360,2007-05-24T00:00:00,ISPANAK,Kg,0,0.4,0.7,0.55
9422,2007-05-28T00:00:00,ISPANAK,Kg,0,0.35,0.5,0.425
9481,2007-05-31T00:00:00,ISPANAK,Kg,0,0.4,0.6,0.5
9537,2007-06-04T00:00:00,ISPANAK,Kg,0,0.8,1.0,0.9
9593,2007-06-07T00:00:00,ISPANAK,Kg,0,1.0,1.2,1.1
9650,2007-06-11T00:00:00,ISPANAK,Kg,0,1.0,1.6,1.3
9709,2007-06-14T00:00:00,ISPANAK,Kg,0,1.0,1.5,1.25
9764,2007-06-18T00:00:00,ISPANAK,Kg,0,0.5,1.2,0.85
9820,2007-06-21T00:00:00,ISPANAK,Kg,0,0.8,1.0,0.9
9877,2007-06-25T00:00:00,ISPANAK,Kg,0,0.75,1.0,0.875
9934,2007-06-28T00:00:00,ISPANAK,Kg,0,0.4,0.6,0.5
9987,2007-07-02T00:00:00,ISPANAK,Kg,0,1.2,1.7,1.45
10044,2007-07-05T00:00:00,ISPANAK,Kg,0,1.0,1.65,1.325
10086,2007-07-09T00:00:00,ISPANAK,Kg,0,0.9,1.1,1.0
10135,2007-07-12T00:00:00,ISPANAK,Kg,0,1.3,1.6,1.4500000000000002
10184,2007-07-16T00:00:00,ISPANAK,Kg,0,0.75,1.2,0.975
10201,2007-07-19T00:00:00,ISPANAK,Kg,0,1.0,1.5,1.25
10249,2007-07-23T00:00:00,ISPANAK,Kg,0,1.3,1.7,1.5
10299,2007-07-26T00:00:00,ISPANAK,Kg,0,1.2,1.0,1.1
10342,2007-07-30T00:00:00,ISPANAK,Kg,0,1.0,1.5,1.25
10396,2007-08-02T00:00:00,ISPANAK,Kg,0,0.9,1.5,1.2
10437,2007-08-06T00:00:00,ISPANAK,Kg,0,0.8,1.2,1.0
10484,2007-08-09T00:00:00,ISPANAK,Kg,0,0.8,1.0,0.9
10529,2007-08-13T00:00:00,ISPANAK,Kg,0,0.0,1.0,0.5
10565,2007-08-16T00:00:00,ISPANAK,Kg,0,0.9,1.2,1.05
10607,2007-08-20T00:00:00,ISPANAK,Kg,0,0.9,1.0,0.95
10652,2007-08-23T00:00:00,ISPANAK,Kg,0,0.9,1.0,0.95
10694,2007-08-27T00:00:00,ISPANAK,Kg,0,1.0,1.5,1.25
10737,2007-08-31T00:00:00,ISPANAK,Kg,0,1.5,2.0,1.75
10782,2007-09-03T00:00:00,ISPANAK,Kg,0,0.5,0.75,0.625
10827,2007-09-07T00:00:00,ISPANAK,Kg,0,0.5,0.75,0.625
10906,2007-09-10T00:00:00,ISPANAK,Kg,0,0.0,0.0,0.0
10926,2007-09-13T00:00:00,ISPANAK,Kg,0,0.6,1.0,0.8
10975,2007-09-17T00:00:00,ISPANAK,Kg,0,0.85,1.5,1.175
11019,2007-09-20T00:00:00,ISPANAK,Kg,0,0.9,1.3,1.1
11077,2007-09-24T00:00:00,ISPANAK,Kg,0,0.5,1.6,1.05
11139,2007-09-27T00:00:00,ISPANAK,Kg,0,1.0,1.6,1.3
11186,2007-10-02T00:00:00,ISPANAK,Kg,0,0.7,1.35,1.025
11238,2007-10-04T00:00:00,ISPANAK,Kg,0,0.85,1.4,1.125
11278,2007-10-08T00:00:00,ISPANAK,Kg,0,0.8,1.1,0.95
11311,2007-10-15T00:00:00,ISPANAK,Kg,0,0.5,1.0,0.75
11373,2007-10-18T00:00:00,ISPANAK,Kg,0,0.6,0.8,0.7
11415,2007-10-22T00:00:00,ISPANAK,Kg,0,0.8,1.2,1.0
11464,2007-10-25T00:00:00,ISPANAK,Kg,0,0.65,1.1,0.875
11511,2007-10-30T00:00:00,ISPANAK,Kg,0,0.7,0.9,0.8
11557,2007-11-01T00:00:00,ISPANAK,Kg,0,0.5,0.75,0.625
11605,2007-11-05T00:00:00,ISPANAK,Kg,0,0.8,1.0,0.9
11689,2007-11-08T00:00:00,ISPANAK,Kg,0,0.7,0.5,0.6
11707,2007-11-12T00:00:00,ISPANAK,Kg,0,0.7,0.5,0.6
11758,2007-11-15T00:00:00,ISPANAK,Kg,0,0.9,0.8,0.8500000000000001
11811,2007-11-19T00:00:00,ISPANAK,Kg,0,0.6,0.5,0.55
11860,2007-11-22T00:00:00,ISPANAK,Kg,0,0.65,0.4,0.525
11907,2007-11-26T00:00:00,ISPANAK,Kg,0,0.75,0.5,0.625
11953,2007-11-29T00:00:00,ISPANAK,Kg,0,0.45,0.7,0.575
11998,2007-12-03T00:00:00,ISPANAK,Kg,0,0.5,0.7,0.6
12042,2007-12-06T00:00:00,ISPANAK,Kg,0,0.3,0.7,0.5
12087,2007-12-10T00:00:00,ISPANAK,Kg,0,0.3,0.9,0.6
12133,2007-12-14T00:00:00,ISPANAK,Kg,0,0.5,1.0,0.75
12174,2007-12-17T00:00:00,ISPANAK,Kg,0,0.5,1.0,0.75
12216,2007-12-24T00:00:00,ISPANAK,Kg,0,0.7,1.0,0.85
12262,2007-12-27T00:00:00,ISPANAK,Kg,0,0.0,0.0,0.0
12309,2007-12-31T00:00:00,ISPANAK,Kg,0,0.25,0.8,0.525
12352,2008-01-03T00:00:00,ISPANAK,Kg,0,0.3,0.7,0.5
12396,2008-01-07T00:00:00,ISPANAK,Kg,0,0.3,0.7,0.5
12438,2008-01-14T00:00:00,ISPANAK,Kg,0,0.4,1.0,0.7
12487,2008-01-18T00:00:00,ISPANAK,Kg,0,0.5,1.0,0.75
12536,2008-01-21T00:00:00,ISPANAK,Kg,0,0.75,1.5,1.125
12578,2008-01-24T00:00:00,ISPANAK,Kg,0,0.65,1.7,1.175
12623,2008-02-07T00:00:00,ISPANAK,Kg,0,0.8,1.2,1.0
12659,2008-02-11T00:00:00,ISPANAK,Kg,0,0.9,1.2,1.05
12699,2008-02-21T00:00:00,ISPANAK,Kg,0,0.75,1.5,1.125
12743,2008-02-28T00:00:00,ISPANAK,Kg,0,0.8,1.25,1.025
12790,2008-03-13T00:00:00,ISPANAK,Kg,0,0.3,0.6,0.4499999999999999
12837,2008-03-20T00:00:00,ISPANAK,Kg,0,0.4,0.5,0.45
12874,2008-03-24T00:00:00,ISPANAK,Kg,0,0.4,0.5,0.45
12914,2008-04-07T00:00:00,ISPANAK,Kg,0,0.1,0.75,0.425
12962,2008-04-10T00:00:00,ISPANAK,Kg,0,0.75,0.1,0.425
13003,2008-04-17T00:00:00,ISPANAK,Kg,0,0.4,0.7,0.55
13052,2008-04-28T00:00:00,ISPANAK,Kg,0,0.4,0.7,0.55
13104,2008-05-05T00:00:00,ISPANAK,Kg,0,0.4,0.7,0.55
13154,2008-05-12T00:00:00,ISPANAK,Kg,0,0.8,1.0,0.9
13207,2008-05-15T00:00:00,ISPANAK,Kg,0,0.8,1.0,0.9
13262,2008-05-22T00:00:00,ISPANAK,Kg,0,0.8,1.0,0.9
13316,2008-05-26T00:00:00,ISPANAK,Kg,0,0.8,1.0,0.9
13364,2008-05-29T00:00:00,ISPANAK,Kg,0,0.8,1.0,0.9
13412,2008-06-05T00:00:00,ISPANAK,Kg,0,0.8,1.0,0.9
13457,2008-06-09T00:00:00,ISPANAK,Kg,0,0.8,1.0,0.9
13521,2008-06-16T00:00:00,ISPANAK,Kg,0,1.0,1.2,1.1
13568,2008-06-19T00:00:00,ISPANAK,Kg,0,0.6,0.75,0.675
13617,2008-06-26T00:00:00,ISPANAK,Kg,0,0.6,0.75,0.675
13664,2008-06-30T00:00:00,ISPANAK,Kg,0,0.6,0.75,0.675
13714,2008-07-10T00:00:00,ISPANAK,Kg,0,0.6,0.75,0.675
13766,2008-07-17T00:00:00,ISPANAK,Kg,0,1.0,1.5,1.25
13871,2008-07-28T00:00:00,ISPANAK,Kg,0,1.0,1.1,1.05
13925,2008-08-04T00:00:00,ISPANAK,Kg,0,1.0,1.5,1.25
13978,2008-08-07T00:00:00,ISPANAK,Kg,0,1.0,1.5,1.25
14030,2008-08-11T00:00:00,ISPANAK,Kg,0,1.0,1.5,1.25
14080,2008-08-14T00:00:00,ISPANAK,Kg,0,1.0,1.5,1.25
14133,2008-08-18T00:00:00,ISPANAK,Kg,0,1.0,1.5,1.25
14186,2008-08-21T00:00:00,ISPANAK,Kg,0,1.0,1.5,1.25
14242,2008-08-25T00:00:00,ISPANAK,Kg,0,1.0,1.2,1.1
14296,2008-08-28T00:00:00,ISPANAK,Kg,0,1.0,1.1,1.05
14349,2008-09-11T00:00:00,ISPANAK,Kg,0,1.0,1.5,1.25
14405,2008-09-18T00:00:00,ISPANAK,Kg,0,0.75,1.0,0.875
14463,2008-10-09T00:00:00,ISPANAK,Kg,0,0.75,1.0,0.875
14520,2008-10-17T00:00:00,ISPANAK,Kg,0,0.75,1.0,0.875
14574,2008-10-30T00:00:00,ISPANAK,Kg,0,0.8,1.2,1.0
14628,2008-11-06T00:00:00,ISPANAK,Kg,0,0.8,1.2,1.0
14683,2008-11-13T00:00:00,ISPANAK,Kg,0,0.6,0.8,0.7
14739,2008-11-17T00:00:00,ISPANAK,Kg,0,0.75,1.0,0.875
14792,2008-12-04T00:00:00,ISPANAK,Kg,0,0.8,1.2,1.0
14846,2008-12-18T00:00:00,ISPANAK,Kg,0,0.75,1.0,0.875
14900,2008-12-25T00:00:00,ISPANAK,Kg,0,0.75,1.0,0.875
14932,2009-01-08T00:00:00,ISPANAK,Kg,0,0.5,1.0,0.75
14990,2009-01-12T00:00:00,ISPANAK,Kg,0,0.5,1.0,0.75
15049,2009-01-19T00:00:00,ISPANAK,Kg,0,0.7,1.0,0.85
15106,2009-01-26T00:00:00,ISPANAK,Kg,0,0.7,1.0,0.85
15165,2009-02-02T00:00:00,ISPANAK,Kg,0,0.5,0.6,0.55
15223,2009-02-05T00:00:00,ISPANAK,Kg,0,0.5,0.6,0.55
15282,2009-02-12T00:00:00,ISPANAK,Kg,0,0.5,0.6,0.55
15340,2009-02-19T00:00:00,ISPANAK,Kg,0,0.7,1.0,0.85
15394,2009-02-26T00:00:00,ISPANAK,Kg,0,0.7,1.0,0.85
15433,2009-03-06T00:00:00,ISPANAK,Kg,0,0.7,1.0,0.85
15489,2009-03-09T00:00:00,ISPANAK,Kg,0,0.5,1.0,0.75
15543,2009-03-12T00:00:00,ISPANAK,Kg,0,0.5,1.0,0.75
15597,2009-03-16T00:00:00,ISPANAK,Kg,0,0.7,1.0,0.85
15651,2009-03-19T00:00:00,ISPANAK,Kg,0,0.7,1.1,0.9
15706,2009-03-23T00:00:00,ISPANAK,Kg,0,0.7,1.0,0.85
15759,2009-03-26T00:00:00,ISPANAK,Kg,0,0.7,1.0,0.85
15813,2009-03-30T00:00:00,ISPANAK,Kg,0,0.7,1.0,0.85
15869,2009-04-03T00:00:00,ISPANAK,Kg,0,0.7,1.0,0.85
15925,2009-04-06T00:00:00,ISPANAK,Kg,0,0.7,1.0,0.85
15992,2009-05-25T00:00:00,ISPANAK,Kg,0,0.3,0.5,0.4
16022,2009-05-28T00:00:00,ISPANAK,Kg,0,0.5,1.1,0.8
16080,2009-05-11T00:00:00,ISPANAK,Kg,0,0.5,0.8,0.65
16207,2009-06-01T00:00:00,ISPANAK,Kg,0,0.5,1.1,0.8
16271,2009-06-04T00:00:00,ISPANAK,Kg,0,0.5,1.1,0.8
16375,2009-05-14T00:00:00,ISPANAK,Kg,0,0.5,0.8,0.65
16445,2009-05-21T00:00:00,ISPANAK,Kg,0,0.3,0.5,0.4
16528,2009-06-08T00:00:00,ISPANAK,Kg,0,0.5,1.1,0.8
16597,2009-06-11T00:00:00,ISPANAK,Kg,0,0.5,1.1,0.8
16667,2009-06-15T00:00:00,ISPANAK,Kg,0,0.5,1.0,0.75
16736,2009-06-18T00:00:00,ISPANAK,Kg,0,0.5,1.0,0.75
16806,2009-06-22T00:00:00,ISPANAK,Kg,0,0.5,1.0,0.75
16880,2009-06-25T00:00:00,ISPANAK,Kg,0,0.5,1.0,0.75
16932,2009-06-29T00:00:00,ISPANAK,Kg,0,0.5,1.0,0.75
17034,2009-07-02T00:00:00,ISPANAK,Kg,0,0.5,1.0,0.75
17113,2009-07-06T00:00:00,ISPANAK,Kg,0,0.5,1.0,0.75
17192,2009-07-09T00:00:00,ISPANAK,Kg,0,0.5,1.0,0.75
17270,2009-07-13T00:00:00,ISPANAK,Kg,0,0.5,1.0,0.75
17343,2009-07-16T00:00:00,ISPANAK,Kg,0,0.5,1.0,0.75
17418,2009-07-20T00:00:00,ISPANAK,Kg,0,0.5,1.0,0.75
17493,2009-07-23T00:00:00,ISPANAK,Kg,0,0.5,1.0,0.75
17568,2009-07-27T00:00:00,ISPANAK,Kg,0,1.0,1.5,1.25
17646,2009-07-30T00:00:00,ISPANAK,Kg,0,1.0,1.5,1.25
17722,2009-08-03T00:00:00,ISPANAK,Kg,0,1.0,1.5,1.25
17801,2009-08-06T00:00:00,ISPANAK,Kg,0,0.5,1.0,0.75
17879,2009-08-10T00:00:00,ISPANAK,Kg,0,0.5,1.0,0.75
17957,2009-08-13T00:00:00,ISPANAK,Kg,0,0.5,1.0,0.75
18034,2009-08-17T00:00:00,ISPANAK,Kg,0,0.5,1.0,0.75
18115,2009-08-20T00:00:00,ISPANAK,Kg,0,0.5,1.0,0.75
18197,2009-08-24T00:00:00,ISPANAK,Kg,0,0.5,1.0,0.75
18279,2009-08-27T00:00:00,ISPANAK,Kg,0,0.5,1.0,0.75
18356,2009-08-31T00:00:00,ISPANAK,Kg,0,0.5,1.0,0.75
18431,2009-09-03T00:00:00,ISPANAK,Kg,0,0.5,1.0,0.75
18512,2009-09-07T00:00:00,ISPANAK,Kg,0,0.5,1.0,0.75
18593,2009-09-10T00:00:00,ISPANAK,Kg,0,0.5,1.0,0.75
18759,2009-09-17T00:00:00,ISPANAK,Kg,0,0.5,1.0,0.75
18835,2009-09-24T00:00:00,ISPANAK,Kg,0,0.0,1.0,0.5
18906,2009-09-28T00:00:00,ISPANAK,Kg,0,0.6,1.0,0.8
18984,2009-10-01T00:00:00,ISPANAK,Kg,0,0.5,1.0,0.75
19067,2009-10-05T00:00:00,ISPANAK,Kg,0,0.5,1.0,0.75
19149,2009-10-08T00:00:00,ISPANAK,Kg,0,0.5,1.0,0.75
19230,2009-10-12T00:00:00,ISPANAK,Kg,0,0.5,1.0,0.75
19307,2009-10-15T00:00:00,ISPANAK,Kg,0,0.5,1.0,0.75
19386,2009-10-19T00:00:00,ISPANAK,Kg,0,0.5,1.0,0.75
19468,2009-10-22T00:00:00,ISPANAK,Kg,0,0.7,1.0,0.85
19551,2009-10-26T00:00:00,ISPANAK,Kg,0,0.5,1.0,0.75
19627,2009-11-02T00:00:00,ISPANAK,Kg,0,0.5,0.8,0.65
19698,2009-11-05T00:00:00,ISPANAK,Kg,0,0.5,0.8,0.65
19768,2009-11-09T00:00:00,ISPANAK,Kg,0,0.5,0.8,0.65
19840,2009-11-12T00:00:00,ISPANAK,Kg,0,0.5,0.8,0.65
19911,2009-11-16T00:00:00,ISPANAK,Kg,0,0.5,0.8,0.65
19986,2009-11-19T00:00:00,ISPANAK,Kg,0,0.5,0.8,0.65
20056,2009-11-23T00:00:00,ISPANAK,Kg,0,1.0,1.25,1.125
20127,2009-12-01T00:00:00,ISPANAK,Kg,0,0.5,0.8,0.65
20195,2009-12-07T00:00:00,ISPANAK,Kg,0,0.5,1.0,0.75
20266,2009-12-10T00:00:00,ISPANAK,Kg,0,0.5,1.0,0.75
20334,2009-12-14T00:00:00,ISPANAK,Kg,0,0.5,1.0,0.75
20402,2009-12-17T00:00:00,ISPANAK,Kg,0,0.5,1.0,0.75
20474,2009-12-21T00:00:00,ISPANAK,Kg,0,0.5,0.8,0.65
20539,2009-12-24T00:00:00,ISPANAK,Kg,0,0.5,0.8,0.65
20607,2009-12-28T00:00:00,ISPANAK,Kg,0,0.5,0.9,0.7
20676,2009-12-31T00:00:00,ISPANAK,Kg,0,0.5,0.9,0.7
20745,2010-01-04T00:00:00,ISPANAK,Kg,0,0.5,0.9,0.7
20816,2010-01-07T00:00:00,ISPANAK,Kg,0,0.5,0.9,0.7
20887,2010-01-14T00:00:00,ISPANAK,Kg,0,0.5,0.9,0.7
20957,2010-01-18T00:00:00,ISPANAK,Kg,0,0.5,0.9,0.7
21027,2010-01-21T00:00:00,ISPANAK,Kg,0,0.5,0.9,0.7
21100,2010-01-26T00:00:00,ISPANAK,Kg,0,0.5,0.9,0.7
21172,2010-01-28T00:00:00,ISPANAK,Kg,0,0.5,0.9,0.7
21242,2010-02-04T00:00:00,ISPANAK,Kg,0,0.5,0.9,0.7
21313,2010-02-09T00:00:00,ISPANAK,Kg,0,0.5,0.9,0.7
21385,2010-02-11T00:00:00,ISPANAK,Kg,0,0.5,1.5,1.0
21456,2010-02-15T00:00:00,ISPANAK,Kg,0,0.5,1.2,0.85
21528,2010-02-18T00:00:00,ISPANAK,Kg,0,0.5,1.3,0.9
21600,2010-02-24T00:00:00,ISPANAK,Kg,0,0.5,1.3,0.9
21671,2010-02-25T00:00:00,ISPANAK,Kg,0,0.5,1.3,0.9
21743,2010-03-01T00:00:00,ISPANAK,Kg,0,0.5,1.3,0.9
21814,2010-03-04T00:00:00,ISPANAK,Kg,0,0.5,1.3,0.9
21885,2010-03-08T00:00:00,ISPANAK,Kg,0,0.5,1.3,0.9
21952,2010-03-11T00:00:00,ISPANAK,Kg,0,0.5,1.3,0.9
22022,2010-03-15T00:00:00,ISPANAK,Kg,0,0.3,0.8,0.55
22097,2010-03-18T00:00:00,ISPANAK,Kg,0,0.3,0.8,0.55
22169,2010-03-22T00:00:00,ISPANAK,Kg,0,0.3,0.8,0.55
22242,2010-03-25T00:00:00,ISPANAK,Kg,0,0.7,1.0,0.85
22317,2010-03-30T00:00:00,ISPANAK,Kg,0,0.7,1.0,0.85
22392,2010-04-01T00:00:00,ISPANAK,Kg,0,0.7,1.0,0.85
22467,2010-04-05T00:00:00,ISPANAK,Kg,0,0.75,1.0,0.875
22542,2010-04-08T00:00:00,ISPANAK,Kg,0,0.7,1.0,0.85
22617,2010-04-12T00:00:00,ISPANAK,Kg,0,0.7,1.0,0.85
22693,2010-04-15T00:00:00,ISPANAK,Kg,0,0.4,0.8,0.6000000000000001
22769,2010-04-19T00:00:00,ISPANAK,Kg,0,0.4,0.8,0.6000000000000001
22845,2010-04-22T00:00:00,ISPANAK,Kg,0,0.4,0.8,0.6000000000000001
22923,2010-04-26T00:00:00,ISPANAK,Kg,0,0.4,0.8,0.6000000000000001
23004,2010-04-30T00:00:00,ISPANAK,Kg,0,0.4,0.8,0.6000000000000001
23085,2010-05-03T00:00:00,ISPANAK,Kg,0,0.4,0.8,0.6000000000000001
23166,2010-05-07T00:00:00,ISPANAK,Kg,0,0.4,0.8,0.6000000000000001
23247,2010-05-10T00:00:00,ISPANAK,Kg,0,0.4,0.8,0.6000000000000001
23327,2010-05-13T00:00:00,ISPANAK,Kg,0,0.4,0.8,0.6000000000000001
23408,2010-05-17T00:00:00,ISPANAK,Kg,0,0.4,0.8,0.6000000000000001
23486,2010-05-20T00:00:00,ISPANAK,Kg,0,0.4,0.8,0.6000000000000001
23562,2010-05-24T00:00:00,ISPANAK,Kg,0,0.4,0.8,0.6000000000000001
23636,2010-05-27T00:00:00,ISPANAK,Kg,0,0.4,0.8,0.6000000000000001
23713,2010-05-31T00:00:00,ISPANAK,Kg,0,0.4,0.8,0.6000000000000001
23799,2010-06-03T00:00:00,ISPANAK,Kg,0,0.4,0.8,0.6000000000000001
23882,2010-06-07T00:00:00,ISPANAK,Kg,0,0.4,0.8,0.6000000000000001
23967,2010-06-10T00:00:00,ISPANAK,Kg,0,0.4,0.8,0.6000000000000001
24052,2010-06-14T00:00:00,ISPANAK,Kg,0,0.4,0.8,0.6000000000000001
24137,2010-06-17T00:00:00,ISPANAK,Kg,0,0.4,0.8,0.6000000000000001
24220,2010-06-21T00:00:00,ISPANAK,Kg,0,0.4,0.8,0.6000000000000001
24300,2010-06-24T00:00:00,ISPANAK,Kg,0,0.7,1.0,0.85
24380,2010-06-28T00:00:00,ISPANAK,Kg,0,0.7,1.0,0.85
24457,2010-07-01T00:00:00,ISPANAK,Kg,0,0.7,1.0,0.85
24536,2010-07-05T00:00:00,ISPANAK,Kg,0,0.7,1.0,0.85
24618,2010-07-08T00:00:00,ISPANAK,Kg,0,0.75,1.0,0.875
24693,2010-07-12T00:00:00,ISPANAK,Kg,0,1.0,2.0,1.5
24769,2010-07-15T00:00:00,ISPANAK,Kg,0,1.0,2.0,1.5
24846,2010-07-19T00:00:00,ISPANAK,Kg,0,1.0,2.0,1.5
24918,2010-07-22T00:00:00,ISPANAK,Kg,0,1.0,1.5,1.25
24995,2010-07-26T00:00:00,ISPANAK,Kg,0,1.0,1.5,1.25
25073,2010-07-29T00:00:00,ISPANAK,Kg,0,1.0,1.5,1.25
25152,2010-08-02T00:00:00,ISPANAK,Kg,0,1.0,1.5,1.25
25233,2010-08-05T00:00:00,ISPANAK,Kg,0,1.0,1.5,1.25
25314,2010-08-09T00:00:00,ISPANAK,Kg,0,1.0,1.5,1.25
25397,2010-08-12T00:00:00,ISPANAK,Kg,0,1.0,1.5,1.25
25480,2010-08-16T00:00:00,ISPANAK,Kg,0,1.0,1.5,1.25
25563,2010-08-19T00:00:00,ISPANAK,Kg,0,1.0,1.5,1.25
25646,2010-08-23T00:00:00,ISPANAK,Kg,0,1.0,1.5,1.25
25725,2010-08-26T00:00:00,ISPANAK,Kg,0,1.0,1.5,1.25
25806,2010-09-06T00:00:00,ISPANAK,Kg,0,0.9,1.5,1.2
25878,2010-09-13T00:00:00,ISPANAK,Kg,0,0.9,1.5,1.2
25952,2010-09-16T00:00:00,ISPANAK,Kg,0,0.9,1.5,1.2
26036,2010-09-23T00:00:00,ISPANAK,Kg,0,1.0,1.5,1.25
26124,2010-09-27T00:00:00,ISPANAK,Kg,0,1.0,1.5,1.25
26211,2010-10-04T00:00:00,ISPANAK,Kg,0,1.0,1.5,1.25
26389,2010-10-11T00:00:00,ISPANAK,Kg,0,1.0,1.5,1.25
26477,2010-10-14T00:00:00,ISPANAK,Kg,0,1.4,2.0,1.7
26569,2010-10-18T00:00:00,ISPANAK,Kg,0,1.4,2.0,1.7
26661,2010-10-21T00:00:00,ISPANAK,Kg,0,1.4,2.0,1.7
26746,2010-10-25T00:00:00,ISPANAK,Kg,0,1.4,2.0,1.7
26828,2010-10-28T00:00:00,ISPANAK,Kg,0,1.4,2.0,1.7
26908,2010-11-04T00:00:00,ISPANAK,Kg,0,1.4,2.0,1.7
26987,2010-11-08T00:00:00,ISPANAK,Kg,0,1.4,2.0,1.7
27065,2010-11-11T00:00:00,ISPANAK,Kg,0,1.4,2.0,1.7
27101,2010-11-22T00:00:00,ISPANAK,Kg,0,0.8,1.8,1.3
27174,2010-11-25T00:00:00,ISPANAK,Kg,0,0.4,1.4,0.8999999999999999
27243,2010-11-29T00:00:00,ISPANAK,Kg,0,0.4,1.4,0.8999999999999999
27316,2010-12-02T00:00:00,ISPANAK,Kg,0,0.4,1.4,0.8999999999999999
27390,2010-12-06T00:00:00,ISPANAK,Kg,0,0.4,1.4,0.8999999999999999
27462,2010-12-09T00:00:00,ISPANAK,Kg,0,0.4,1.4,0.8999999999999999
27533,2010-12-13T00:00:00,ISPANAK,Kg,0,0.4,1.4,0.8999999999999999
27605,2010-12-20T00:00:00,ISPANAK,Kg,0,0.4,1.4,0.8999999999999999
27680,2010-12-27T00:00:00,ISPANAK,Kg,0,0.4,1.4,0.8999999999999999
27755,2010-12-30T00:00:00,ISPANAK,Kg,0,0.4,1.4,0.8999999999999999
27830,2011-01-03T00:00:00,ISPANAK,Kg,0,0.4,1.4,0.8999999999999999
27900,2011-01-10T00:00:00,ISPANAK,Kg,0,0.4,1.1,0.75
27974,2011-01-13T00:00:00,ISPANAK,Kg,0,0.4,1.1,0.75
28047,2011-01-17T00:00:00,ISPANAK,Kg,0,0.4,1.1,0.75
28120,2011-01-20T00:00:00,ISPANAK,Kg,0,0.4,1.1,0.75
28193,2011-01-24T00:00:00,ISPANAK,Kg,0,0.4,1.0,0.7
28261,2011-01-27T00:00:00,ISPANAK,Kg,0,0.0,1.0,0.5
28335,2011-01-31T00:00:00,ISPANAK,Kg,0,0.0,1.0,0.5
28409,2011-02-03T00:00:00,ISPANAK,Kg,0,0.0,1.0,0.5
28483,2011-02-07T00:00:00,ISPANAK,Kg,0,0.0,1.0,0.5
28554,2011-02-10T00:00:00,ISPANAK,Kg,0,0.4,1.0,0.7
28627,2011-02-14T00:00:00,ISPANAK,Kg,0,0.0,1.0,0.5
28702,2011-02-17T00:00:00,ISPANAK,Kg,0,0.0,1.0,0.5
28775,2011-02-21T00:00:00,ISPANAK,Kg,0,0.5,1.2,0.85
28849,2011-02-24T00:00:00,ISPANAK,Kg,0,0.5,1.2,0.85
28920,2011-02-28T00:00:00,ISPANAK,Kg,0,0.5,1.2,0.85
28992,2011-03-03T00:00:00,ISPANAK,Kg,0,0.5,1.2,0.85
29064,2011-03-07T00:00:00,ISPANAK,Kg,0,0.5,1.2,0.85
29137,2011-03-10T00:00:00,ISPANAK,Kg,0,0.5,1.2,0.85
29210,2011-03-14T00:00:00,ISPANAK,Kg,0,0.5,1.2,0.85
29282,2011-03-17T00:00:00,ISPANAK,Kg,0,0.5,1.2,0.85
29355,2011-03-21T00:00:00,ISPANAK,Kg,0,0.5,1.2,0.85
29430,2011-03-24T00:00:00,ISPANAK,Kg,0,0.5,1.2,0.85
29505,2011-03-28T00:00:00,ISPANAK,Kg,0,0.35,1.2,0.7749999999999999
29582,2011-03-31T00:00:00,ISPANAK,Kg,0,0.5,1.2,0.85
29657,2011-04-04T00:00:00,ISPANAK,Kg,0,0.5,1.2,0.85
29732,2011-04-07T00:00:00,ISPANAK,Kg,0,0.5,1.0,0.75
29803,2011-04-11T00:00:00,ISPANAK,Kg,0,0.5,1.0,0.75
29874,2011-04-18T00:00:00,ISPANAK,Kg,0,0.5,1.0,0.75
29943,2011-04-21T00:00:00,ISPANAK,Kg,0,0.5,1.0,0.75
30015,2011-04-25T00:00:00,ISPANAK,Kg,0,0.5,1.0,0.75
30093,2011-05-02T00:00:00,ISPANAK,Kg,0,0.5,0.75,0.625
30168,2011-05-05T00:00:00,ISPANAK,Kg,0,0.4,0.75,0.575
30245,2011-05-09T00:00:00,ISPANAK,Kg,0,0.4,0.75,0.575
30319,2011-05-12T00:00:00,ISPANAK,Kg,0,0.4,0.75,0.575
30392,2011-05-16T00:00:00,ISPANAK,Kg,0,0.4,0.75,0.575
30466,2011-05-23T00:00:00,ISPANAK,Kg,0,0.4,0.75,0.575
30536,2011-05-26T00:00:00,ISPANAK,Kg,0,0.4,0.75,0.575
30606,2011-05-30T00:00:00,ISPANAK,Kg,0,0.4,0.75,0.575
30675,2011-06-02T00:00:00,ISPANAK,Kg,0,0.5,1.0,0.75
30742,2011-06-06T00:00:00,ISPANAK,Kg,0,0.5,1.0,0.75
30811,2011-06-09T00:00:00,ISPANAK,Kg,0,0.5,1.0,0.75
30879,2011-06-13T00:00:00,ISPANAK,Kg,0,0.5,1.0,0.75
30948,2011-06-16T00:00:00,ISPANAK,Kg,0,0.5,1.0,0.75
31020,2011-06-20T00:00:00,ISPANAK,Kg,0,0.5,1.0,0.75
31091,2011-06-23T00:00:00,ISPANAK,Kg,0,0.5,1.0,0.75
31163,2011-06-27T00:00:00,ISPANAK,Kg,0,0.5,1.0,0.75
31234,2011-06-30T00:00:00,ISPANAK,Kg,0,0.5,1.0,0.75
31307,2011-07-04T00:00:00,ISPANAK,Kg,0,0.5,1.0,0.75
31379,2011-07-08T00:00:00,ISPANAK,Kg,0,0.5,1.0,0.75
31452,2011-07-11T00:00:00,ISPANAK,Kg,0,0.4,1.0,0.7
31528,2011-07-14T00:00:00,ISPANAK,Kg,0,0.4,1.5,0.95
31599,2011-07-18T00:00:00,ISPANAK,Kg,0,0.4,1.5,0.95
31964,2011-08-15T00:00:00,ISPANAK,Kg,0,1.0,1.5,1.25
32047,2011-08-18T00:00:00,ISPANAK,Kg,0,1.0,1.5,1.25
32131,2011-08-22T00:00:00,ISPANAK,Kg,0,1.0,1.5,1.25
32211,2011-08-25T00:00:00,ISPANAK,Kg,0,1.0,1.5,1.25
32293,2011-09-06T00:00:00,ISPANAK,Kg,0,1.0,1.5,1.25
32366,2011-09-08T00:00:00,ISPANAK,Kg,0,1.0,1.5,1.25
32441,2011-09-12T00:00:00,ISPANAK,Kg,0,1.0,1.6,1.3
32514,2011-09-15T00:00:00,ISPANAK,Kg,0,1.0,1.6,1.3
32587,2011-09-19T00:00:00,ISPANAK,Kg,0,1.0,1.3,1.15
32662,2011-09-22T00:00:00,ISPANAK,Kg,0,1.0,1.3,1.15
32738,2011-09-26T00:00:00,ISPANAK,Kg,0,1.0,1.5,1.25
32813,2011-09-29T00:00:00,ISPANAK,Kg,0,1.0,1.5,1.25
32887,2011-10-03T00:00:00,ISPANAK,Kg,0,1.0,1.5,1.25
32965,2011-10-06T00:00:00,ISPANAK,Kg,0,1.0,1.5,1.25
33045,2011-10-10T00:00:00,ISPANAK,Kg,0,1.0,2.0,1.5
33122,2011-10-13T00:00:00,ISPANAK,Kg,0,1.0,2.0,1.5
33201,2011-10-17T00:00:00,ISPANAK,Kg,0,1.0,1.5,1.25
33279,2011-10-20T00:00:00,ISPANAK,Kg,0,1.0,1.5,1.25
33359,2011-10-24T00:00:00,ISPANAK,Kg,0,1.0,1.5,1.25
33440,2011-10-27T00:00:00,ISPANAK,Kg,0,1.0,1.5,1.25
33519,2011-10-31T00:00:00,ISPANAK,Kg,0,1.0,1.5,1.25
33598,2011-11-03T00:00:00,ISPANAK,Kg,0,1.0,1.5,1.25
33677,2011-11-10T00:00:00,ISPANAK,Kg,0,1.0,1.5,1.25
33754,2011-11-14T00:00:00,ISPANAK,Kg,0,1.0,1.5,1.25
33828,2011-11-17T00:00:00,ISPANAK,Kg,0,1.0,1.5,1.25
33900,2011-11-21T00:00:00,ISPANAK,Kg,0,1.0,1.7,1.35
33974,2011-11-24T00:00:00,ISPANAK,Kg,0,0.85,1.4,1.125
34046,2011-11-28T00:00:00,ISPANAK,Kg,0,1.0,1.5,1.25
34120,2011-12-01T00:00:00,ISPANAK,Kg,0,1.0,1.5,1.25
34188,2011-12-05T00:00:00,ISPANAK,Kg,0,1.0,1.6,1.3
34256,2011-12-08T00:00:00,ISPANAK,Kg,0,1.0,1.6,1.3
34324,2011-12-12T00:00:00,ISPANAK,Kg,0,1.0,1.6,1.3
34392,2011-12-15T00:00:00,ISPANAK,Kg,0,1.0,1.6,1.3
34459,2011-12-19T00:00:00,ISPANAK,Kg,0,1.0,1.6,1.3
34524,2011-12-22T00:00:00,ISPANAK,Kg,0,1.0,1.6,1.3
34591,2011-12-26T00:00:00,ISPANAK,Kg,0,1.0,1.6,1.3
34657,2012-01-05T00:00:00,ISPANAK,Kg,0,1.0,1.6,1.3
34725,2012-01-09T00:00:00,ISPANAK,Kg,0,1.3,1.8,1.55
34788,2012-01-12T00:00:00,ISPANAK,Kg,0,1.3,1.8,1.55
34856,2012-01-16T00:00:00,ISPANAK,Kg,0,1.0,1.5,1.25
34958,2012-01-23T00:00:00,ISPANAK,Kg,0,1.0,1.8,1.4
35021,2012-01-26T00:00:00,ISPANAK,Kg,0,1.0,2.0,1.5
35086,2012-01-30T00:00:00,ISPANAK,Kg,0,1.0,2.0,1.5
35216,2012-02-06T00:00:00,ISPANAK,Kg,0,0.8,1.6,1.2000000000000002
35278,2012-02-09T00:00:00,ISPANAK,Kg,0,0.8,1.6,1.2000000000000002
35339,2012-02-13T00:00:00,ISPANAK,Kg,0,0.8,2.0,1.4
35406,2012-02-20T00:00:00,ISPANAK,Kg,0,0.8,2.0,1.4
35474,2012-02-28T00:00:00,ISPANAK,Kg,0,0.8,2.0,1.4
35544,2012-03-02T00:00:00,ISPANAK,Kg,0,0.8,2.0,1.4
35614,2012-03-05T00:00:00,ISPANAK,Kg,0,0.8,2.0,1.4
35683,2012-03-08T00:00:00,ISPANAK,Kg,0,0.8,2.0,1.4
35754,2012-03-12T00:00:00,ISPANAK,Kg,0,0.8,1.6,1.2000000000000002
35825,2012-03-15T00:00:00,ISPANAK,Kg,0,0.8,1.6,1.2000000000000002
35896,2012-03-19T00:00:00,ISPANAK,Kg,0,0.8,1.6,1.2000000000000002
35966,2012-03-22T00:00:00,ISPANAK,Kg,0,0.8,1.3,1.05
36036,2012-03-26T00:00:00,ISPANAK,Kg,0,0.8,1.0,0.9
36107,2012-03-29T00:00:00,ISPANAK,Kg,0,0.7,1.0,0.85
36175,2012-04-02T00:00:00,ISPANAK,Kg,0,0.7,1.0,0.85
36244,2012-04-05T00:00:00,ISPANAK,Kg,0,0.7,1.0,0.85
36312,2012-04-09T00:00:00,ISPANAK,Kg,0,0.7,1.2,0.95
36379,2012-04-12T00:00:00,ISPANAK,Kg,0,0.7,1.2,0.95
36449,2012-04-16T00:00:00,ISPANAK,Kg,0,0.7,1.5,1.1
36514,2012-04-19T00:00:00,ISPANAK,Kg,0,0.7,1.5,1.1
36579,2012-04-24T00:00:00,ISPANAK,Kg,0,0.5,1.0,0.75
36643,2012-04-26T00:00:00,ISPANAK,Kg,0,0.5,1.0,0.75
36707,2012-04-30T00:00:00,ISPANAK,Kg,0,0.5,1.0,0.75
36773,2012-05-03T00:00:00,ISPANAK,Kg,0,0.5,1.0,0.75
36834,2012-05-07T00:00:00,ISPANAK,Kg,0,0.5,1.0,0.75
36901,2012-05-10T00:00:00,ISPANAK,Kg,0,0.5,1.0,0.75
36968,2012-05-14T00:00:00,ISPANAK,Kg,0,0.5,1.0,0.75
37037,2012-05-17T00:00:00,ISPANAK,Kg,0,0.5,1.0,0.75
37106,2012-05-21T00:00:00,ISPANAK,Kg,0,0.5,1.0,0.75
37175,2012-05-24T00:00:00,ISPANAK,Kg,0,0.5,1.0,0.75
37244,2012-05-28T00:00:00,ISPANAK,Kg,0,0.5,1.0,0.75
37314,2012-05-31T00:00:00,ISPANAK,Kg,0,0.5,1.0,0.75
37384,2012-06-04T00:00:00,ISPANAK,Kg,0,0.5,1.0,0.75
37456,2012-06-07T00:00:00,ISPANAK,Kg,0,0.5,1.0,0.75
37528,2012-06-11T00:00:00,ISPANAK,Kg,0,0.5,1.0,0.75
37602,2012-06-14T00:00:00,ISPANAK,Kg,0,0.5,1.0,0.75
37676,2012-06-18T00:00:00,ISPANAK,Kg,0,0.5,1.0,0.75
37749,2012-06-21T00:00:00,ISPANAK,Kg,0,0.5,1.0,0.75
37824,2012-06-25T00:00:00,ISPANAK,Kg,0,0.5,1.5,1.0
37900,2012-06-28T00:00:00,ISPANAK,Kg,0,0.5,1.5,1.0
37974,2012-07-02T00:00:00,ISPANAK,Kg,0,0.5,1.5,1.0
38116,2012-07-09T00:00:00,ISPANAK,Kg,0,0.7,1.2,0.95
38328,2012-07-19T00:00:00,ISPANAK,Kg,0,0.7,1.5,1.1
38397,2012-07-23T00:00:00,ISPANAK,Kg,0,0.7,1.5,1.1
38469,2012-07-26T00:00:00,ISPANAK,Kg,0,0.7,1.5,1.1
38544,2012-07-30T00:00:00,ISPANAK,Kg,0,0.7,1.5,1.1
38620,2012-08-02T00:00:00,ISPANAK,Kg,0,0.7,1.5,1.1
38696,2012-08-06T00:00:00,ISPANAK,Kg,0,0.7,2.0,1.35
38773,2012-08-09T00:00:00,ISPANAK,Kg,0,0.7,2.0,1.35
38851,2012-08-13T00:00:00,ISPANAK,Kg,0,0.7,2.0,1.35
38928,2012-08-16T00:00:00,ISPANAK,Kg,0,0.7,2.0,1.35
39004,2012-08-23T00:00:00,ISPANAK,Kg,0,0.7,2.0,1.35
39083,2012-08-27T00:00:00,ISPANAK,Kg,0,1.2,2.0,1.6
39154,2012-08-31T00:00:00,ISPANAK,Kg,0,1.2,2.0,1.6
39222,2012-09-03T00:00:00,ISPANAK,Kg,0,1.2,2.0,1.6
39291,2012-09-06T00:00:00,ISPANAK,Kg,0,1.2,2.0,1.6
39363,2012-09-10T00:00:00,ISPANAK,Kg,0,1.2,2.0,1.6
39437,2012-09-13T00:00:00,ISPANAK,Kg,0,1.2,2.0,1.6
39511,2012-09-17T00:00:00,ISPANAK,Kg,0,1.2,2.0,1.6
39586,2012-09-20T00:00:00,ISPANAK,Kg,0,1.2,2.0,1.6
39662,2012-09-24T00:00:00,ISPANAK,Kg,0,1.2,2.0,1.6
39738,2012-09-27T00:00:00,ISPANAK,Kg,0,1.0,1.5,1.25
39814,2012-10-01T00:00:00,ISPANAK,Kg,0,1.0,1.5,1.25
39889,2012-10-04T00:00:00,ISPANAK,Kg,0,1.0,1.5,1.25
39967,2012-10-08T00:00:00,ISPANAK,Kg,0,1.0,1.5,1.25
40046,2012-10-11T00:00:00,ISPANAK,Kg,0,1.0,1.5,1.25
40127,2012-10-15T00:00:00,ISPANAK,Kg,0,1.0,1.5,1.25
40207,2012-10-18T00:00:00,ISPANAK,Kg,0,1.0,1.5,1.25
40287,2012-10-22T00:00:00,ISPANAK,Kg,0,1.0,1.5,1.25
40365,2012-11-01T00:00:00,ISPANAK,Kg,0,1.0,1.5,1.25
40440,2012-11-05T00:00:00,ISPANAK,Kg,0,0.8,1.2,1.0
40503,2012-11-08T00:00:00,ISPANAK,Kg,0,0.8,1.2,1.0
40568,2012-11-12T00:00:00,ISPANAK,Kg,0,0.8,1.5,1.15
40634,2012-11-15T00:00:00,ISPANAK,Kg,0,0.8,1.5,1.15
40699,2012-11-19T00:00:00,ISPANAK,Kg,0,0.8,1.5,1.15
40765,2012-11-22T00:00:00,ISPANAK,Kg,0,0.8,1.5,1.15
40832,2012-11-27T00:00:00,ISPANAK,Kg,0,0.8,1.5,1.15
40897,2012-11-29T00:00:00,ISPANAK,Kg,0,0.8,1.2,1.0
40959,2012-12-03T00:00:00,ISPANAK,Kg,0,0.8,1.2,1.0
41024,2012-12-06T00:00:00,ISPANAK,Kg,0,0.8,1.2,1.0
41089,2012-12-10T00:00:00,ISPANAK,Kg,0,0.8,1.2,1.0
41154,2012-12-13T00:00:00,ISPANAK,Kg,0,0.8,1.2,1.0
41219,2012-12-17T00:00:00,ISPANAK,Kg,0,0.8,1.4,1.1
41285,2012-12-20T00:00:00,ISPANAK,Kg,0,0.8,1.4,1.1
41351,2012-12-24T00:00:00,ISPANAK,Kg,0,0.8,1.4,1.1
41417,2012-12-27T00:00:00,ISPANAK,Kg,0,0.8,1.4,1.1
41482,2012-12-31T00:00:00,ISPANAK,Kg,0,0.8,1.4,1.1
41547,2013-01-03T00:00:00,ISPANAK,Kg,0,0.8,1.4,1.1
41611,2013-01-07T00:00:00,ISPANAK,Kg,0,0.8,1.4,1.1
41677,2013-01-10T00:00:00,ISPANAK,Kg,0,0.8,1.4,1.1
41745,2013-01-14T00:00:00,ISPANAK,Kg,0,0.8,1.6,1.2000000000000002
41871,2013-01-21T00:00:00,ISPANAK,Kg,0,0.8,1.6,1.2000000000000002
41936,2013-01-24T00:00:00,ISPANAK,Kg,0,0.8,1.6,1.2000000000000002
42001,2013-01-28T00:00:00,ISPANAK,Kg,0,0.8,1.6,1.2000000000000002
42066,2013-01-31T00:00:00,ISPANAK,Kg,0,0.8,1.6,1.2000000000000002
42129,2013-02-04T00:00:00,ISPANAK,Kg,0,0.8,1.6,1.2000000000000002
42192,2013-02-07T00:00:00,ISPANAK,Kg,0,0.6,1.2,0.8999999999999999
42255,2013-02-11T00:00:00,ISPANAK,Kg,0,0.6,1.2,0.8999999999999999
42318,2013-02-14T00:00:00,ISPANAK,Kg,0,0.6,1.2,0.8999999999999999
42381,2013-02-18T00:00:00,ISPANAK,Kg,0,0.6,1.2,0.8999999999999999
42444,2013-02-21T00:00:00,ISPANAK,Kg,0,0.6,1.2,0.8999999999999999
42507,2013-02-25T00:00:00,ISPANAK,Kg,0,0.6,1.2,0.8999999999999999
42570,2013-02-28T00:00:00,ISPANAK,Kg,0,0.6,1.2,0.8999999999999999
42634,2013-03-04T00:00:00,ISPANAK,Kg,0,0.6,1.2,0.8999999999999999
42698,2013-03-07T00:00:00,ISPANAK,Kg,0,0.4,1.2,0.8
42762,2013-03-11T00:00:00,ISPANAK,Kg,0,0.4,1.2,0.8
42828,2013-03-14T00:00:00,ISPANAK,Kg,0,0.4,1.2,0.8
42894,2013-03-18T00:00:00,ISPANAK,Kg,0,1.0,1.8,1.4
42958,2013-03-21T00:00:00,ISPANAK,Kg,0,0.5,1.5,1.0
43020,2013-03-25T00:00:00,ISPANAK,Kg,0,0.5,1.7,1.1
43084,2013-03-28T00:00:00,ISPANAK,Kg,0,0.5,1.7,1.1
43148,2013-04-01T00:00:00,ISPANAK,Kg,0,0.5,1.7,1.1
43213,2013-04-04T00:00:00,ISPANAK,Kg,0,0.5,1.7,1.1
43278,2013-04-08T00:00:00,ISPANAK,Kg,0,0.5,1.3,0.9
43344,2013-04-11T00:00:00,ISPANAK,Kg,0,0.5,1.3,0.9
43410,2013-04-15T00:00:00,ISPANAK,Kg,0,0.5,1.4,0.95
43477,2013-04-18T00:00:00,ISPANAK,Kg,0,0.5,1.4,0.95
43546,2013-04-22T00:00:00,ISPANAK,Kg,0,0.5,1.7,1.1
43617,2013-04-25T00:00:00,ISPANAK,Kg,0,0.5,1.7,1.1
43689,2013-04-29T00:00:00,ISPANAK,Kg,0,0.5,1.7,1.1
43759,2013-05-02T00:00:00,ISPANAK,Kg,0,0.5,1.7,1.1
43827,2013-05-06T00:00:00,ISPANAK,Kg,0,0.5,1.7,1.1
43897,2013-05-09T00:00:00,ISPANAK,Kg,0,0.5,1.7,1.1
43965,2013-05-13T00:00:00,ISPANAK,Kg,0,0.5,1.7,1.1
44037,2013-05-16T00:00:00,ISPANAK,Kg,0,0.5,1.7,1.1
44108,2013-05-20T00:00:00,ISPANAK,Kg,0,0.5,1.7,1.1
44179,2013-05-23T00:00:00,ISPANAK,Kg,0,0.5,1.7,1.1
44250,2013-05-27T00:00:00,ISPANAK,Kg,0,0.5,1.7,1.1
44319,2013-05-30T00:00:00,ISPANAK,Kg,0,0.5,1.7,1.1
44389,2013-06-03T00:00:00,ISPANAK,Kg,0,0.5,1.7,1.1
44459,2013-06-07T00:00:00,ISPANAK,Kg,0,0.5,1.7,1.1
44530,2013-06-10T00:00:00,ISPANAK,Kg,0,0.5,1.7,1.1
44601,2013-06-13T00:00:00,ISPANAK,Kg,0,0.5,1.7,1.1
44675,2013-06-17T00:00:00,ISPANAK,Kg,0,0.5,1.7,1.1
44746,2013-06-20T00:00:00,ISPANAK,Kg,0,0.5,1.7,1.1
44819,2013-06-24T00:00:00,ISPANAK,Kg,0,0.5,1.7,1.1
44892,2013-06-27T00:00:00,ISPANAK,Kg,0,0.5,2.0,1.25
44967,2013-07-01T00:00:00,ISPANAK,Kg,0,0.5,2.0,1.25
45044,2013-07-04T00:00:00,ISPANAK,Kg,0,0.5,2.0,1.25
45121,2013-07-08T00:00:00,ISPANAK,Kg,0,0.5,2.0,1.25
45199,2013-07-11T00:00:00,ISPANAK,Kg,0,0.5,2.0,1.25
45279,2013-07-15T00:00:00,ISPANAK,Kg,0,0.5,2.0,1.25
45359,2013-07-18T00:00:00,ISPANAK,Kg,0,0.5,2.0,1.25
45437,2013-07-22T00:00:00,ISPANAK,Kg,0,0.5,2.0,1.25
45514,2013-07-25T00:00:00,ISPANAK,Kg,0,0.5,2.0,1.25
45592,2013-07-29T00:00:00,ISPANAK,Kg,0,0.5,2.0,1.25
45668,2013-08-01T00:00:00,ISPANAK,Kg,0,0.5,2.0,1.25
45748,2013-08-05T00:00:00,ISPANAK,Kg,0,0.5,2.0,1.25
45828,2013-08-12T00:00:00,ISPANAK,Kg,0,0.5,2.0,1.25
45908,2013-08-15T00:00:00,ISPANAK,Kg,0,0.5,2.0,1.25
45988,2013-08-19T00:00:00,ISPANAK,Kg,0,0.5,2.0,1.25
46068,2013-08-22T00:00:00,ISPANAK,Kg,0,0.5,2.0,1.25
46148,2013-08-26T00:00:00,ISPANAK,Kg,0,0.5,2.0,1.25
46229,2013-08-29T00:00:00,ISPANAK,Kg,0,0.5,2.0,1.25
46310,2013-09-02T00:00:00,ISPANAK,Kg,0,0.5,2.0,1.25
46393,2013-09-05T00:00:00,ISPANAK,Kg,0,0.5,2.0,1.25
46477,2013-09-09T00:00:00,ISPANAK,Kg,0,0.5,2.0,1.25
46563,2013-09-12T00:00:00,ISPANAK,Kg,0,0.5,2.0,1.25
46644,2013-09-16T00:00:00,ISPANAK,Kg,0,0.5,2.0,1.25
46722,2013-09-19T00:00:00,ISPANAK,Kg,0,0.5,2.0,1.25
46801,2013-09-23T00:00:00,ISPANAK,Kg,0,0.5,2.0,1.25
46931,2013-09-26T00:00:00,ISPANAK,Kg,0,0.5,2.2,1.35
46963,2013-09-30T00:00:00,ISPANAK,Kg,0,0.5,2.2,1.35
47044,2013-10-03T00:00:00,ISPANAK,Kg,0,0.5,2.2,1.35
47127,2013-10-07T00:00:00,ISPANAK,Kg,0,1.0,2.5,1.75
47211,2013-10-10T00:00:00,ISPANAK,Kg,0,1.0,2.8,1.9
47293,2013-10-21T00:00:00,ISPANAK,Kg,0,1.0,2.8,1.9
47377,2013-10-24T00:00:00,ISPANAK,Kg,0,0.8,2.3,1.5499999999999998
47455,2013-10-28T00:00:00,ISPANAK,Kg,0,0.8,2.5,1.65
47529,2013-10-31T00:00:00,ISPANAK,Kg,0,0.8,1.7,1.25
47604,2013-11-04T00:00:00,ISPANAK,Kg,0,0.8,1.7,1.25
47677,2013-11-07T00:00:00,ISPANAK,Kg,0,0.8,1.5,1.15
47750,2013-11-11T00:00:00,ISPANAK,Kg,0,0.7,1.3,1.0
47823,2013-11-18T00:00:00,ISPANAK,Kg,0,0.7,1.3,1.0
47896,2013-11-21T00:00:00,ISPANAK,Kg,0,0.7,1.3,1.0
47969,2013-11-25T00:00:00,ISPANAK,Kg,0,0.7,1.3,1.0
48043,2013-11-28T00:00:00,ISPANAK,Kg,0,0.7,1.3,1.0
48117,2013-12-02T00:00:00,ISPANAK,Kg,0,0.7,1.3,1.0
48191,2013-12-05T00:00:00,ISPANAK,Kg,0,0.7,1.3,1.0
48264,2013-12-09T00:00:00,ISPANAK,Kg,0,0.7,1.3,1.0
48339,2013-12-12T00:00:00,ISPANAK,Kg,0,0.7,1.3,1.0
48415,2013-12-16T00:00:00,ISPANAK,Kg,0,0.7,1.3,1.0
48491,2013-12-19T00:00:00,ISPANAK,Kg,0,0.7,1.3,1.0
48566,2013-12-23T00:00:00,ISPANAK,Kg,0,0.7,1.3,1.0
48643,2013-12-26T00:00:00,ISPANAK,Kg,0,0.7,1.3,1.0
48716,2013-12-30T00:00:00,ISPANAK,Kg,0,0.7,1.4,1.0499999999999998
48792,2014-01-02T00:00:00,ISPANAK,Kg,0,0.7,1.4,1.0499999999999998
48867,2014-01-06T00:00:00,ISPANAK,Kg,0,0.7,1.4,1.0499999999999998
48942,2014-01-09T00:00:00,ISPANAK,Kg,0,0.5,1.3,0.9
49017,2014-01-13T00:00:00,ISPANAK,Kg,0,0.5,1.3,0.9
49092,2014-01-16T00:00:00,ISPANAK,Kg,0,0.5,1.3,0.9
49165,2014-01-20T00:00:00,ISPANAK,Kg,0,0.5,1.3,0.9
49239,2014-01-23T00:00:00,ISPANAK,Kg,0,0.5,1.3,0.9
49312,2014-01-27T00:00:00,ISPANAK,Kg,0,0.5,1.2,0.85
49386,2014-01-30T00:00:00,ISPANAK,Kg,0,0.5,1.2,0.85
49457,2014-02-03T00:00:00,ISPANAK,Kg,0,0.5,1.2,0.85
49530,2014-02-06T00:00:00,ISPANAK,Kg,0,0.5,1.2,0.85
49603,2014-02-10T00:00:00,ISPANAK,Kg,0,0.5,1.2,0.85
49676,2014-02-13T00:00:00,ISPANAK,Kg,0,0.5,1.0,0.75
49750,2014-02-17T00:00:00,ISPANAK,Kg,0,0.5,1.0,0.75
49822,2014-02-20T00:00:00,ISPANAK,Kg,0,0.5,1.0,0.75
49897,2014-02-24T00:00:00,ISPANAK,Kg,0,0.5,1.0,0.75
49969,2014-02-27T00:00:00,ISPANAK,Kg,0,0.5,1.0,0.75
50041,2014-03-03T00:00:00,ISPANAK,Kg,0,0.5,1.0,0.75
50117,2014-03-06T00:00:00,ISPANAK,Kg,0,0.5,1.0,0.75
50189,2014-03-10T00:00:00,ISPANAK,Kg,0,0.5,1.0,0.75
50262,2014-03-13T00:00:00,ISPANAK,Kg,0,0.5,1.0,0.75
50336,2014-03-17T00:00:00,ISPANAK,Kg,0,0.5,1.0,0.75
50414,2014-03-20T00:00:00,ISPANAK,Kg,0,0.5,1.0,0.75
50495,2014-03-24T00:00:00,ISPANAK,Kg,0,0.5,1.0,0.75
50577,2014-03-27T00:00:00,ISPANAK,Kg,0,0.5,1.0,0.75
50659,2014-03-31T00:00:00,ISPANAK,Kg,0,0.5,1.0,0.75
50740,2014-04-03T00:00:00,ISPANAK,Kg,0,0.5,1.0,0.75
50821,2014-04-07T00:00:00,ISPANAK,Kg,0,0.7,1.7,1.2
50898,2014-04-10T00:00:00,ISPANAK,Kg,0,0.7,1.7,1.2
50973,2014-04-14T00:00:00,ISPANAK,Kg,0,0.7,1.7,1.2
51047,2014-04-17T00:00:00,ISPANAK,Kg,0,0.7,1.7,1.2
51125,2014-04-21T00:00:00,ISPANAK,Kg,0,0.7,1.7,1.2
51205,2014-04-24T00:00:00,ISPANAK,Kg,0,0.3,1.2,0.75
51284,2014-04-28T00:00:00,ISPANAK,Kg,0,0.3,1.2,0.75
51365,2014-05-05T00:00:00,ISPANAK,Kg,0,0.3,1.2,0.75
51445,2014-05-08T00:00:00,ISPANAK,Kg,0,0.5,1.4,0.95
51526,2014-05-12T00:00:00,ISPANAK,Kg,0,0.5,1.4,0.95
51605,2014-05-15T00:00:00,ISPANAK,Kg,0,0.4,1.4,0.8999999999999999
51684,2014-05-22T00:00:00,ISPANAK,Kg,0,0.4,1.2,0.8
51763,2014-05-26T00:00:00,ISPANAK,Kg,0,0.4,1.2,0.8
51840,2014-05-29T00:00:00,ISPANAK,Kg,0,0.4,1.0,0.7
51918,2014-06-02T00:00:00,ISPANAK,Kg,0,0.4,1.2,0.8
51996,2014-06-05T00:00:00,ISPANAK,Kg,0,0.4,1.0,0.7
52074,2014-06-09T00:00:00,ISPANAK,Kg,0,0.6,1.3,0.95
52155,2014-06-12T00:00:00,ISPANAK,Kg,0,0.6,1.8,1.2
52240,2014-06-16T00:00:00,ISPANAK,Kg,0,0.6,1.8,1.2
52319,2014-06-19T00:00:00,ISPANAK,Kg,0,0.6,1.8,1.2
52400,2014-06-23T00:00:00,ISPANAK,Kg,0,0.6,1.8,1.2
52486,2014-06-26T00:00:00,ISPANAK,Kg,0,0.6,1.8,1.2
52573,2014-06-30T00:00:00,ISPANAK,Kg,0,1.0,2.0,1.5
52660,2014-07-03T00:00:00,ISPANAK,Kg,0,1.0,2.0,1.5
52747,2014-07-07T00:00:00,ISPANAK,Kg,0,1.0,2.0,1.5
52831,2014-07-10T00:00:00,ISPANAK,Kg,0,1.0,2.0,1.5
52915,2014-07-14T00:00:00,ISPANAK,Kg,0,1.0,2.0,1.5
52995,2014-07-17T00:00:00,ISPANAK,Kg,0,1.0,2.0,1.5
53076,2014-07-21T00:00:00,ISPANAK,Kg,0,1.0,2.0,1.5
53157,2014-07-24T00:00:00,ISPANAK,Kg,0,1.0,2.0,1.5
53235,2014-07-31T00:00:00,ISPANAK,Kg,0,1.0,2.0,1.5
53311,2014-08-04T00:00:00,ISPANAK,Kg,0,1.0,2.0,1.5
53388,2014-08-07T00:00:00,ISPANAK,Kg,0,1.0,2.0,1.5
53465,2014-08-11T00:00:00,ISPANAK,Kg,0,1.0,2.0,1.5
53533,2014-08-14T00:00:00,ISPANAK,Kg,0,1.0,2.0,1.5
53612,2014-08-18T00:00:00,ISPANAK,Kg,0,1.0,2.0,1.5
53701,2014-08-21T00:00:00,ISPANAK,Kg,0,1.0,2.0,1.5
53783,2014-08-25T00:00:00,ISPANAK,Kg,0,1.0,2.0,1.5
53865,2014-08-28T00:00:00,ISPANAK,Kg,0,1.0,2.0,1.5
53944,2014-09-01T00:00:00,ISPANAK,Kg,0,1.0,2.0,1.5
54024,2014-09-04T00:00:00,ISPANAK,Kg,0,1.0,2.0,1.5
54106,2014-09-08T00:00:00,ISPANAK,Kg,0,1.0,2.0,1.5
54188,2014-09-11T00:00:00,ISPANAK,Kg,0,1.0,2.0,1.5
54269,2014-09-15T00:00:00,ISPANAK,Kg,0,1.0,2.0,1.5
54352,2014-09-18T00:00:00,ISPANAK,Kg,0,1.0,2.0,1.5
54435,2014-09-22T00:00:00,ISPANAK,Kg,0,1.0,3.0,2.0
54517,2014-09-25T00:00:00,ISPANAK,Kg,0,1.0,2.2,1.6
54601,2014-09-29T00:00:00,ISPANAK,Kg,0,1.0,2.5,1.75
54684,2014-10-02T00:00:00,ISPANAK,Kg,0,1.0,2.5,1.75
54767,2014-10-09T00:00:00,ISPANAK,Kg,0,1.0,2.5,1.75
54852,2014-10-13T00:00:00,ISPANAK,Kg,0,1.0,2.5,1.75
54939,2014-10-16T00:00:00,ISPANAK,Kg,0,1.0,2.5,1.75
55023,2014-10-20T00:00:00,ISPANAK,Kg,0,1.0,2.5,1.75
55103,2014-10-23T00:00:00,ISPANAK,Kg,0,1.0,2.0,1.5
55172,2014-10-27T00:00:00,ISPANAK,Kg,0,1.0,2.5,1.75
55239,2014-10-30T00:00:00,ISPANAK,Kg,0,1.0,2.5,1.75
55304,2014-11-03T00:00:00,ISPANAK,Kg,0,1.0,2.5,1.75
55370,2014-11-06T00:00:00,ISPANAK,Kg,0,1.0,2.5,1.75
55434,2014-11-10T00:00:00,ISPANAK,Kg,0,0.8,1.8,1.3
55500,2014-11-13T00:00:00,ISPANAK,Kg,0,0.8,1.8,1.3
55565,2014-11-17T00:00:00,ISPANAK,Kg,0,0.6,1.5,1.05
55628,2014-11-20T00:00:00,ISPANAK,Kg,0,0.6,1.5,1.05
55692,2014-11-24T00:00:00,ISPANAK,Kg,0,0.6,1.5,1.05
55756,2014-11-27T00:00:00,ISPANAK,Kg,0,0.6,1.5,1.05
55820,2014-12-01T00:00:00,ISPANAK,Kg,0,0.6,1.5,1.05
55890,2014-12-04T00:00:00,ISPANAK,Kg,0,0.6,1.5,1.05
55964,2014-12-08T00:00:00,ISPANAK,Kg,0,0.6,1.5,1.05
56039,2014-12-11T00:00:00,ISPANAK,Kg,0,0.6,1.5,1.05
56113,2014-12-15T00:00:00,ISPANAK,Kg,0,0.6,1.5,1.05
56189,2014-12-18T00:00:00,ISPANAK,Kg,0,0.6,1.5,1.05
56262,2014-12-22T00:00:00,ISPANAK,Kg,0,0.6,1.5,1.05
56337,2014-12-25T00:00:00,ISPANAK,Kg,0,0.5,1.3,0.9
56410,2014-12-29T00:00:00,ISPANAK,Kg,0,0.5,1.3,0.9
56481,2015-01-05T00:00:00,ISPANAK,Kg,0,0.5,1.3,0.9
56551,2015-01-08T00:00:00,ISPANAK,Kg,0,0.5,1.3,0.9
56621,2015-01-12T00:00:00,ISPANAK,Kg,0,1.0,1.5,1.25
56692,2015-01-15T00:00:00,ISPANAK,Kg,0,1.0,1.5,1.25
56763,2015-01-19T00:00:00,ISPANAK,Kg,0,1.0,1.5,1.25
56833,2015-01-22T00:00:00,ISPANAK,Kg,0,1.0,1.5,1.25
56903,2015-01-26T00:00:00,ISPANAK,Kg,0,0.7,1.5,1.1
56975,2015-01-29T00:00:00,ISPANAK,Kg,0,0.7,1.7,1.2
57045,2015-02-02T00:00:00,ISPANAK,Kg,0,0.7,1.7,1.2
57116,2015-02-05T00:00:00,ISPANAK,Kg,0,0.7,1.7,1.2
57185,2015-02-09T00:00:00,ISPANAK,Kg,0,0.7,1.7,1.2
57256,2015-02-12T00:00:00,ISPANAK,Kg,0,1.0,2.0,1.5
57325,2015-02-16T00:00:00,ISPANAK,Kg,0,1.0,2.0,1.5
57396,2015-02-19T00:00:00,ISPANAK,Kg,0,1.0,2.0,1.5
57464,2015-02-23T00:00:00,ISPANAK,Kg,0,1.0,2.0,1.5
57532,2015-02-26T00:00:00,ISPANAK,Kg,0,1.0,2.0,1.5
57601,2015-03-02T00:00:00,ISPANAK,Kg,0,1.0,2.0,1.5
57669,2015-03-05T00:00:00,ISPANAK,Kg,0,1.0,2.0,1.5
57735,2015-03-09T00:00:00,ISPANAK,Kg,0,1.0,2.0,1.5
57801,2015-03-12T00:00:00,ISPANAK,Kg,0,1.0,2.0,1.5
57868,2015-03-16T00:00:00,ISPANAK,Kg,0,1.0,2.0,1.5
57935,2015-03-19T00:00:00,ISPANAK,Kg,0,1.0,2.2,1.6
58003,2015-03-23T00:00:00,ISPANAK,Kg,0,1.0,2.2,1.6
58071,2015-03-26T00:00:00,ISPANAK,Kg,0,1.0,2.2,1.6
58140,2015-03-30T00:00:00,ISPANAK,Kg,0,1.0,2.5,1.75
58210,2015-04-02T00:00:00,ISPANAK,Kg,0,1.0,2.5,1.75
58280,2015-04-06T00:00:00,ISPANAK,Kg,0,1.0,2.0,1.5
58349,2015-04-09T00:00:00,ISPANAK,Kg,0,1.0,2.0,1.5
58417,2015-04-13T00:00:00,ISPANAK,Kg,0,1.0,2.0,1.5
58488,2015-04-16T00:00:00,ISPANAK,Kg,0,1.0,2.0,1.5
58559,2015-04-20T00:00:00,ISPANAK,Kg,0,1.0,2.0,1.5
58630,2015-04-23T00:00:00,ISPANAK,Kg,0,1.0,2.5,1.75
58696,2015-04-27T00:00:00,ISPANAK,Kg,0,1.0,2.5,1.75
58766,2015-04-30T00:00:00,ISPANAK,Kg,0,1.0,2.2,1.6
58837,2015-05-04T00:00:00,ISPANAK,Kg,0,1.0,2.2,1.6
58908,2015-05-07T00:00:00,ISPANAK,Kg,0,1.0,2.2,1.6
58978,2015-05-11T00:00:00,ISPANAK,Kg,0,1.0,2.0,1.5
59044,2015-05-14T00:00:00,ISPANAK,Kg,0,0.7,1.8,1.25
59108,2015-05-18T00:00:00,ISPANAK,Kg,0,0.7,1.8,1.25
59173,2015-05-21T00:00:00,ISPANAK,Kg,0,0.7,1.8,1.25
59244,2015-05-25T00:00:00,ISPANAK,Kg,0,0.7,1.8,1.25
59314,2015-05-28T00:00:00,ISPANAK,Kg,0,0.7,1.8,1.25
59385,2015-06-01T00:00:00,ISPANAK,Kg,0,0.7,1.8,1.25
59452,2015-06-04T00:00:00,ISPANAK,Kg,0,0.7,1.5,1.1
59526,2015-06-08T00:00:00,ISPANAK,Kg,0,0.7,1.5,1.1
59599,2015-06-11T00:00:00,ISPANAK,Kg,0,0.7,1.5,1.1
59673,2015-06-15T00:00:00,ISPANAK,Kg,0,0.7,1.5,1.1
59748,2015-06-18T00:00:00,ISPANAK,Kg,0,0.7,1.5,1.1
59818,2015-06-22T00:00:00,ISPANAK,Kg,0,0.7,1.5,1.1
59894,2015-06-25T00:00:00,ISPANAK,Kg,0,0.7,1.5,1.1
59966,2015-06-29T00:00:00,ISPANAK,Kg,0,0.7,1.5,1.1
60039,2015-07-02T00:00:00,ISPANAK,Kg,0,0.7,1.5,1.1
60115,2015-07-06T00:00:00,ISPANAK,Kg,0,0.7,1.5,1.1
60188,2015-07-09T00:00:00,ISPANAK,Kg,0,0.7,1.5,1.1
60263,2015-07-13T00:00:00,ISPANAK,Kg,0,0.7,1.5,1.1
60339,2015-07-20T00:00:00,ISPANAK,Kg,0,0.7,1.5,1.1
60413,2015-07-23T00:00:00,ISPANAK,Kg,0,0.7,1.5,1.1
60487,2015-07-27T00:00:00,ISPANAK,Kg,0,0.7,1.5,1.1
60563,2015-07-30T00:00:00,ISPANAK,Kg,0,0.7,1.5,1.1
60639,2015-08-03T00:00:00,ISPANAK,Kg,0,0.7,1.5,1.1
60714,2015-08-06T00:00:00,ISPANAK,Kg,0,0.7,1.5,1.1
60791,2015-08-10T00:00:00,ISPANAK,Kg,0,0.7,1.5,1.1
60867,2015-08-13T00:00:00,ISPANAK,Kg,0,0.7,1.5,1.1
60944,2015-08-17T00:00:00,ISPANAK,Kg,0,0.7,1.5,1.1
61020,2015-08-20T00:00:00,ISPANAK,Kg,0,0.7,1.5,1.1
61092,2015-08-24T00:00:00,ISPANAK,Kg,0,0.7,1.5,1.1
61165,2015-08-27T00:00:00,ISPANAK,Kg,0,0.7,1.5,1.1
61243,2015-08-31T00:00:00,ISPANAK,Kg,0,0.7,2.0,1.35
61318,2015-09-03T00:00:00,ISPANAK,Kg,0,0.7,2.0,1.35
61393,2015-09-07T00:00:00,ISPANAK,Kg,0,0.7,2.0,1.35
61468,2015-09-10T00:00:00,ISPANAK,Kg,0,0.7,2.0,1.35
61544,2015-09-14T00:00:00,ISPANAK,Kg,0,0.7,2.0,1.35
61620,2015-09-17T00:00:00,ISPANAK,Kg,0,0.7,2.0,1.35
61695,2015-09-28T00:00:00,ISPANAK,Kg,0,0.7,2.0,1.35
61771,2015-10-01T00:00:00,ISPANAK,Kg,0,0.7,2.0,1.35
61849,2015-10-05T00:00:00,ISPANAK,Kg,0,0.7,2.0,1.35
61925,2015-10-08T00:00:00,ISPANAK,Kg,0,0.7,3.0,1.85
62002,2015-10-12T00:00:00,ISPANAK,Kg,0,0.7,3.0,1.85
62081,2015-10-15T00:00:00,ISPANAK,Kg,0,0.7,3.0,1.85
62161,2015-10-19T00:00:00,ISPANAK,Kg,0,0.7,3.0,1.85
62241,2015-10-22T00:00:00,ISPANAK,Kg,0,0.7,3.0,1.85
62318,2015-10-26T00:00:00,ISPANAK,Kg,0,0.7,3.0,1.85
62388,2015-11-02T00:00:00,ISPANAK,Kg,0,0.7,3.0,1.85
62453,2015-11-05T00:00:00,ISPANAK,Kg,0,0.7,2.5,1.6
62515,2015-11-09T00:00:00,ISPANAK,Kg,0,0.7,2.5,1.6
62580,2015-11-12T00:00:00,ISPANAK,Kg,0,0.7,2.5,1.6
62642,2015-11-16T00:00:00,ISPANAK,Kg,0,0.7,2.5,1.6
62707,2015-11-19T00:00:00,ISPANAK,Kg,0,0.7,2.2,1.4500000000000002
62772,2015-11-23T00:00:00,ISPANAK,Kg,0,0.7,2.2,1.4500000000000002
62837,2015-11-26T00:00:00,ISPANAK,Kg,0,0.7,2.2,1.4500000000000002
62901,2015-11-30T00:00:00,ISPANAK,Kg,0,0.7,2.2,1.4500000000000002
62966,2015-12-03T00:00:00,ISPANAK,Kg,0,0.7,2.2,1.4500000000000002
63031,2015-12-07T00:00:00,ISPANAK,Kg,0,0.7,2.0,1.35
63096,2015-12-10T00:00:00,ISPANAK,Kg,0,0.7,2.0,1.35
63160,2015-12-14T00:00:00,ISPANAK,Kg,0,0.7,2.0,1.35
63225,2015-12-17T00:00:00,ISPANAK,Kg,0,0.7,2.0,1.35
63290,2015-12-21T00:00:00,ISPANAK,Kg,0,0.7,2.0,1.35
63355,2015-12-24T00:00:00,ISPANAK,Kg,0,0.7,2.0,1.35
63420,2015-12-28T00:00:00,ISPANAK,Kg,0,0.7,2.0,1.35
63486,2015-12-31T00:00:00,ISPANAK,Kg,0,0.7,2.0,1.35
63552,2016-01-04T00:00:00,ISPANAK,Kg,0,0.7,2.0,1.35
63617,2016-01-07T00:00:00,ISPANAK,Kg,0,0.7,2.0,1.35
63684,2016-01-11T00:00:00,ISPANAK,Kg,0,0.7,2.0,1.35
63750,2016-01-14T00:00:00,ISPANAK,Kg,0,0.7,2.0,1.35
63816,2016-01-18T00:00:00,ISPANAK,Kg,0,0.7,2.0,1.35
63882,2016-01-21T00:00:00,ISPANAK,Kg,0,0.7,2.0,1.35
63950,2016-01-25T00:00:00,ISPANAK,Kg,0,0.7,2.0,1.35
64019,2016-01-28T00:00:00,ISPANAK,Kg,0,0.7,2.0,1.35
64086,2016-02-01T00:00:00,ISPANAK,Kg,0,0.7,2.0,1.35
64154,2016-02-04T00:00:00,ISPANAK,Kg,0,0.7,1.7,1.2
64222,2016-02-08T00:00:00,ISPANAK,Kg,0,0.7,1.5,1.1
64290,2016-02-11T00:00:00,ISPANAK,Kg,0,0.7,1.5,1.1
64356,2016-02-15T00:00:00,ISPANAK,Kg,0,0.7,1.5,1.1
64423,2016-02-18T00:00:00,ISPANAK,Kg,0,0.7,1.5,1.1
64491,2016-02-22T00:00:00,ISPANAK,Kg,0,0.7,1.3,1.0
64556,2016-02-25T00:00:00,ISPANAK,Kg,0,0.5,1.3,0.9
64623,2016-02-29T00:00:00,ISPANAK,Kg,0,0.5,1.1,0.8
64689,2016-03-03T00:00:00,ISPANAK,Kg,0,0.5,0.9,0.7
64755,2016-03-07T00:00:00,ISPANAK,Kg,0,0.5,0.9,0.7
64822,2016-03-10T00:00:00,ISPANAK,Kg,0,0.5,1.0,0.75
64889,2016-03-14T00:00:00,ISPANAK,Kg,0,0.5,1.0,0.75
64956,2016-03-17T00:00:00,ISPANAK,Kg,0,0.5,1.0,0.75
65023,2016-03-21T00:00:00,ISPANAK,Kg,0,0.5,1.0,0.75
65091,2016-03-24T00:00:00,ISPANAK,Kg,0,0.5,1.0,0.75
65159,2016-03-28T00:00:00,ISPANAK,Kg,0,0.5,1.3,0.9
65227,2016-03-31T00:00:00,ISPANAK,Kg,0,0.5,1.3,0.9
65293,2016-04-04T00:00:00,ISPANAK,Kg,0,0.5,1.3,0.9
65359,2016-04-07T00:00:00,ISPANAK,Kg,0,0.5,1.3,0.9
65425,2016-04-11T00:00:00,ISPANAK,Kg,0,0.5,1.5,1.0
65492,2016-04-14T00:00:00,ISPANAK,Kg,0,0.5,1.5,1.0
65560,2016-04-18T00:00:00,ISPANAK,Kg,0,0.5,1.5,1.0
65631,2016-04-21T00:00:00,ISPANAK,Kg,0,0.5,1.5,1.0
65703,2016-04-25T00:00:00,ISPANAK,Kg,0,0.5,1.5,1.0
65774,2016-04-28T00:00:00,ISPANAK,Kg,0,0.5,1.5,1.0
65845,2016-05-02T00:00:00,ISPANAK,Kg,0,0.5,1.5,1.0
65915,2016-05-05T00:00:00,ISPANAK,Kg,0,0.5,1.5,1.0
65983,2016-05-09T00:00:00,ISPANAK,Kg,0,0.5,1.5,1.0
66038,2016-05-12T00:00:00,ISPANAK,Kg,0,0.5,1.5,1.0
66110,2016-05-16T00:00:00,ISPANAK,Kg,0,0.7,1.8,1.25
66182,2016-05-20T00:00:00,ISPANAK,Kg,0,0.7,1.8,1.25
66255,2016-05-23T00:00:00,ISPANAK,Kg,0,0.7,1.8,1.25
66324,2016-05-26T00:00:00,ISPANAK,Kg,0,0.7,1.8,1.25
66395,2016-05-30T00:00:00,ISPANAK,Kg,0,0.7,1.8,1.25
66464,2016-06-02T00:00:00,ISPANAK,Kg,0,0.7,1.8,1.25
66533,2016-06-06T00:00:00,ISPANAK,Kg,0,0.7,1.8,1.25
66605,2016-06-09T00:00:00,ISPANAK,Kg,0,0.7,2.3,1.5
66677,2016-06-13T00:00:00,ISPANAK,Kg,0,0.7,2.3,1.5
66749,2016-06-16T00:00:00,ISPANAK,Kg,0,0.7,2.3,1.5
66821,2016-06-20T00:00:00,ISPANAK,Kg,0,0.7,2.3,1.5
66895,2016-06-23T00:00:00,ISPANAK,Kg,0,0.7,2.3,1.5
66970,2016-06-27T00:00:00,ISPANAK,Kg,0,0.7,2.3,1.5
67045,2016-06-30T00:00:00,ISPANAK,Kg,0,0.7,1.8,1.25
67127,2016-07-11T00:00:00,ISPANAK,Kg,0,0.7,1.8,1.25
67202,2016-07-14T00:00:00,ISPANAK,Kg,0,0.7,1.8,1.25
67279,2016-07-18T00:00:00,ISPANAK,Kg,0,0.7,1.8,1.25
67360,2016-07-21T00:00:00,ISPANAK,Kg,0,0.7,1.8,1.25
67442,2016-07-25T00:00:00,ISPANAK,Kg,0,0.7,1.8,1.25
67521,2016-07-28T00:00:00,ISPANAK,Kg,0,1.0,2.3,1.65
67602,2016-08-01T00:00:00,ISPANAK,Kg,0,0.7,2.0,1.35
67683,2016-08-04T00:00:00,ISPANAK,Kg,0,0.7,2.0,1.35
67764,2016-08-08T00:00:00,ISPANAK,Kg,0,0.7,3.0,1.85
67846,2016-08-11T00:00:00,ISPANAK,Kg,0,0.7,3.0,1.85
67930,2016-08-15T00:00:00,ISPANAK,Kg,0,0.7,3.0,1.85
68015,2016-08-18T00:00:00,ISPANAK,Kg,0,0.7,3.0,1.85
68101,2016-08-22T00:00:00,ISPANAK,Kg,0,1.5,4.0,2.75
68184,2016-08-25T00:00:00,ISPANAK,Kg,0,1.5,4.0,2.75
68264,2016-08-29T00:00:00,ISPANAK,Kg,0,1.5,4.0,2.75
68340,2016-09-01T00:00:00,ISPANAK,Kg,0,1.5,4.0,2.75
68421,2016-09-05T00:00:00,ISPANAK,Kg,0,1.0,3.5,2.25
68500,2016-09-08T00:00:00,ISPANAK,Kg,0,1.0,3.5,2.25
68580,2016-09-19T00:00:00,ISPANAK,Kg,0,1.0,3.5,2.25
68669,2016-09-22T00:00:00,ISPANAK,Kg,0,1.0,3.2,2.1
68750,2016-09-26T00:00:00,ISPANAK,Kg,0,1.0,3.2,2.1
68831,2016-09-29T00:00:00,ISPANAK,Kg,0,1.0,3.2,2.1
68913,2016-10-03T00:00:00,ISPANAK,Kg,0,1.0,3.2,2.1
68994,2016-10-06T00:00:00,ISPANAK,Kg,0,1.0,3.2,2.1
69077,2016-10-10T00:00:00,ISPANAK,Kg,0,1.0,3.2,2.1
69159,2016-10-13T00:00:00,ISPANAK,Kg,0,1.0,3.2,2.1
69240,2016-10-17T00:00:00,ISPANAK,Kg,0,1.0,3.0,2.0
69314,2016-10-20T00:00:00,ISPANAK,Kg,0,1.0,2.7,1.85
69382,2016-10-24T00:00:00,ISPANAK,Kg,0,1.0,2.7,1.85
69449,2016-10-27T00:00:00,ISPANAK,Kg,0,1.0,2.4,1.7
69513,2016-10-31T00:00:00,ISPANAK,Kg,0,1.0,2.4,1.7
69576,2016-11-03T00:00:00,ISPANAK,Kg,0,1.0,2.2,1.6
69639,2016-11-07T00:00:00,ISPANAK,Kg,0,1.0,2.2,1.6
69701,2016-11-10T00:00:00,ISPANAK,Kg,0,1.0,2.0,1.5
69763,2016-11-14T00:00:00,ISPANAK,Kg,0,1.0,2.0,1.5
69825,2016-11-17T00:00:00,ISPANAK,Kg,0,0.8,1.6,1.2000000000000002
69887,2016-11-21T00:00:00,ISPANAK,Kg,0,1.0,2.0,1.5
69950,2016-11-24T00:00:00,ISPANAK,Kg,0,1.0,2.0,1.5
70013,2016-11-28T00:00:00,ISPANAK,Kg,0,1.0,2.0,1.5
70076,2016-12-01T00:00:00,ISPANAK,Kg,0,1.0,2.0,1.5
70139,2016-12-05T00:00:00,ISPANAK,Kg,0,1.0,2.0,1.5
70202,2016-12-08T00:00:00,ISPANAK,Kg,0,0.7,1.5,1.1
70266,2016-12-12T00:00:00,ISPANAK,Kg,0,0.7,1.5,1.1
70330,2016-12-15T00:00:00,ISPANAK,Kg,0,0.7,1.5,1.1
70394,2016-12-19T00:00:00,ISPANAK,Kg,0,0.7,1.5,1.1
70457,2016-12-22T00:00:00,ISPANAK,Kg,0,0.7,1.5,1.1
70521,2016-12-26T00:00:00,ISPANAK,Kg,0,0.7,1.5,1.1
70584,2016-12-29T00:00:00,ISPANAK,Kg,0,0.7,1.8,1.25
70647,2017-01-02T00:00:00,ISPANAK,Kg,0,0.7,1.8,1.25
70709,2017-01-05T00:00:00,ISPANAK,Kg,0,0.7,1.8,1.25
70771,2017-01-09T00:00:00,ISPANAK,Kg,0,0.7,1.8,1.25
70833,2017-01-12T00:00:00,ISPANAK,Kg,0,0.7,1.8,1.25
70895,2017-01-16T00:00:00,ISPANAK,Kg,0,0.7,1.8,1.25
70957,2017-01-19T00:00:00,ISPANAK,Kg,0,0.7,1.8,1.25
71020,2017-01-23T00:00:00,ISPANAK,Kg,0,0.7,1.8,1.25
71083,2017-01-26T00:00:00,ISPANAK,Kg,0,0.7,1.8,1.25
71146,2017-01-30T00:00:00,ISPANAK,Kg,0,0.7,1.8,1.25
71209,2017-02-02T00:00:00,ISPANAK,Kg,0,0.7,2.0,1.35
71272,2017-02-06T00:00:00,ISPANAK,Kg,0,0.7,2.0,1.35
71335,2017-02-09T00:00:00,ISPANAK,Kg,0,0.7,2.0,1.35
71398,2017-02-13T00:00:00,ISPANAK,Kg,0,0.7,2.0,1.35
71461,2017-02-16T00:00:00,ISPANAK,Kg,0,0.7,2.0,1.35
71523,2017-02-20T00:00:00,ISPANAK,Kg,0,0.7,2.0,1.35
71585,2017-02-23T00:00:00,ISPANAK,Kg,0,0.7,2.0,1.35
71647,2017-02-27T00:00:00,ISPANAK,Kg,0,0.7,2.0,1.35
71709,2017-03-02T00:00:00,ISPANAK,Kg,0,0.7,2.0,1.35
71771,2017-03-06T00:00:00,ISPANAK,Kg,0,0.7,2.0,1.35
71833,2017-03-09T00:00:00,ISPANAK,Kg,0,0.5,1.5,1.0
71895,2017-03-13T00:00:00,ISPANAK,Kg,0,0.5,1.5,1.0
71958,2017-03-16T00:00:00,ISPANAK,Kg,0,0.5,1.5,1.0
72021,2017-03-20T00:00:00,ISPANAK,Kg,0,0.5,1.5,1.0
72087,2017-03-23T00:00:00,ISPANAK,Kg,0,0.5,1.5,1.0
72152,2017-03-27T00:00:00,ISPANAK,Kg,0,0.5,1.5,1.0
72217,2017-03-30T00:00:00,ISPANAK,Kg,0,0.5,1.5,1.0
72283,2017-04-03T00:00:00,ISPANAK,Kg,0,0.5,1.5,1.0
72351,2017-04-06T00:00:00,ISPANAK,Kg,0,0.5,1.5,1.0
72417,2017-04-10T00:00:00,ISPANAK,Kg,0,0.5,1.5,1.0
72483,2017-04-13T00:00:00,ISPANAK,Kg,0,0.5,1.5,1.0
72550,2017-04-17T00:00:00,ISPANAK,Kg,0,0.5,2.0,1.25
72617,2017-04-20T00:00:00,ISPANAK,Kg,0,0.5,2.0,1.25
72683,2017-04-24T00:00:00,ISPANAK,Kg,0,0.5,2.0,1.25
72748,2017-04-27T00:00:00,ISPANAK,Kg,0,0.5,2.0,1.25
72815,2017-05-04T00:00:00,ISPANAK,Kg,0,0.5,2.0,1.25
72884,2017-05-08T00:00:00,ISPANAK,Kg,0,0.5,2.0,1.25
72953,2017-05-11T00:00:00,ISPANAK,Kg,0,0.5,1.5,1.0
73022,2017-05-15T00:00:00,ISPANAK,Kg,0,0.5,1.5,1.0
73092,2017-05-18T00:00:00,ISPANAK,Kg,0,0.5,1.5,1.0
73162,2017-05-22T00:00:00,ISPANAK,Kg,0,0.5,2.0,1.25
73232,2017-05-25T00:00:00,ISPANAK,Kg,0,0.5,2.0,1.25
73301,2017-05-29T00:00:00,ISPANAK,Kg,0,0.5,2.0,1.25
73371,2017-06-01T00:00:00,ISPANAK,Kg,0,0.5,2.0,1.25
73440,2017-06-05T00:00:00,ISPANAK,Kg,0,0.5,2.0,1.25
73508,2017-06-08T00:00:00,ISPANAK,Kg,0,0.5,2.0,1.25
73576,2017-06-12T00:00:00,ISPANAK,Kg,0,0.5,2.0,1.25
73642,2017-06-15T00:00:00,ISPANAK,Kg,0,0.5,2.0,1.25
73708,2017-06-19T00:00:00,ISPANAK,Kg,0,0.5,2.0,1.25
73774,2017-06-22T00:00:00,ISPANAK,Kg,0,0.5,2.0,1.25
73841,2017-06-28T00:00:00,ISPANAK,Kg,0,0.5,2.0,1.25
73916,2017-07-03T00:00:00,ISPANAK,Kg,0,0.5,2.0,1.25
73985,2017-07-06T00:00:00,ISPANAK,Kg,0,0.5,2.0,1.25
74065,2017-07-10T00:00:00,ISPANAK,Kg,0,0.5,2.0,1.25
74138,2017-07-13T00:00:00,ISPANAK,Kg,0,0.5,2.0,1.25
74207,2017-07-17T00:00:00,ISPANAK,Kg,0,0.5,2.0,1.25
74285,2017-07-20T00:00:00,ISPANAK,Kg,0,0.5,2.0,1.25
74359,2017-07-24T00:00:00,ISPANAK,Kg,0,0.5,2.0,1.25
74433,2017-07-27T00:00:00,ISPANAK,Kg,0,0.5,2.0,1.25
74510,2017-07-31T00:00:00,ISPANAK,Kg,0,0.5,2.0,1.25
74579,2017-08-03T00:00:00,ISPANAK,Kg,0,0.5,2.0,1.25
74657,2017-08-07T00:00:00,ISPANAK,Kg,0,0.5,2.0,1.25
74735,2017-08-10T00:00:00,ISPANAK,Kg,0,0.8,3.0,1.9
74820,2017-08-14T00:00:00,ISPANAK,Kg,0,1.2,3.5,2.35
74897,2017-08-17T00:00:00,ISPANAK,Kg,0,1.0,3.5,2.25
74975,2017-08-21T00:00:00,ISPANAK,Kg,0,1.0,3.5,2.25
75054,2017-08-24T00:00:00,ISPANAK,Kg,0,1.0,3.5,2.25
75129,2017-09-05T00:00:00,ISPANAK,Kg,0,1.0,3.5,2.25
75209,2017-09-11T00:00:00,ISPANAK,Kg,0,1.0,3.5,2.25
75290,2017-09-14T00:00:00,ISPANAK,Kg,0,1.0,3.5,2.25
75374,2017-09-18T00:00:00,ISPANAK,Kg,0,1.0,3.0,2.0
75460,2017-09-21T00:00:00,ISPANAK,Kg,0,1.0,3.0,2.0
75542,2017-09-25T00:00:00,ISPANAK,Kg,0,1.5,4.0,2.75
75623,2017-09-28T00:00:00,ISPANAK,Kg,0,1.5,4.0,2.75
75704,2017-10-02T00:00:00,ISPANAK,Kg,0,1.5,4.0,2.75
75786,2017-10-05T00:00:00,ISPANAK,Kg,0,1.5,4.0,2.75
75870,2017-10-09T00:00:00,ISPANAK,Kg,0,1.5,4.0,2.75
75949,2017-10-12T00:00:00,ISPANAK,Kg,0,1.5,4.0,2.75
76033,2017-10-16T00:00:00,ISPANAK,Kg,0,1.5,4.0,2.75
76106,2017-10-19T00:00:00,ISPANAK,Kg,0,1.5,4.0,2.75
76180,2017-10-23T00:00:00,ISPANAK,Kg,0,1.5,3.0,2.25
76253,2017-10-26T00:00:00,ISPANAK,Kg,0,1.5,3.0,2.25
76328,2017-10-30T00:00:00,ISPANAK,Kg,0,1.5,3.0,2.25
76403,2017-11-02T00:00:00,ISPANAK,Kg,0,1.5,3.0,2.25
76476,2017-11-06T00:00:00,ISPANAK,Kg,0,1.5,3.0,2.25
76546,2017-11-09T00:00:00,ISPANAK,Kg,0,1.0,2.5,1.75
76616,2017-11-13T00:00:00,ISPANAK,Kg,0,1.0,2.5,1.75
76685,2017-11-16T00:00:00,ISPANAK,Kg,0,1.0,2.5,1.75
76755,2017-11-20T00:00:00,ISPANAK,Kg,0,1.0,2.5,1.75
76824,2017-11-23T00:00:00,ISPANAK,Kg,0,1.0,2.5,1.75
76894,2017-11-27T00:00:00,ISPANAK,Kg,0,1.0,2.5,1.75
76967,2017-11-30T00:00:00,ISPANAK,Kg,0,0.7,1.5,1.1
77040,2017-12-04T00:00:00,ISPANAK,Kg,0,0.7,1.5,1.1
77113,2017-12-07T00:00:00,ISPANAK,Kg,0,0.7,1.5,1.1
77186,2017-12-11T00:00:00,ISPANAK,Kg,0,0.7,1.5,1.1
77258,2017-12-14T00:00:00,ISPANAK,Kg,0,0.7,1.5,1.1
77330,2017-12-18T00:00:00,ISPANAK,Kg,0,0.7,1.5,1.1
77402,2017-12-21T00:00:00,ISPANAK,Kg,0,0.7,1.5,1.1
77474,2017-12-25T00:00:00,ISPANAK,Kg,0,0.7,1.5,1.1
77546,2017-12-28T00:00:00,ISPANAK,Kg,0,0.7,1.5,1.1
77617,2018-01-01T00:00:00,ISPANAK,Kg,0,0.7,1.5,1.1
77689,2018-01-04T00:00:00,ISPANAK,Kg,0,0.7,1.5,1.1
77761,2018-01-08T00:00:00,ISPANAK,Kg,0,0.7,1.5,1.1
77832,2018-01-11T00:00:00,ISPANAK,Kg,0,0.7,1.5,1.1
77905,2018-01-15T00:00:00,ISPANAK,Kg,0,0.7,1.5,1.1
77984,2018-01-18T00:00:00,ISPANAK,Kg,0,0.7,1.5,1.1
78063,2018-01-22T00:00:00,ISPANAK,Kg,0,0.7,1.5,1.1
78145,2018-01-25T00:00:00,ISPANAK,Kg,0,0.7,1.5,1.1
78227,2018-01-29T00:00:00,ISPANAK,Kg,0,0.7,1.5,1.1
78309,2018-02-01T00:00:00,ISPANAK,Kg,0,0.7,1.5,1.1
78390,2018-02-05T00:00:00,ISPANAK,Kg,0,0.7,1.5,1.1
78472,2018-02-08T00:00:00,ISPANAK,Kg,0,0.7,1.5,1.1
78554,2018-02-12T00:00:00,ISPANAK,Kg,0,1.0,2.0,1.5
78636,2018-02-15T00:00:00,ISPANAK,Kg,0,1.0,2.0,1.5
78715,2018-02-19T00:00:00,ISPANAK,Kg,0,1.0,2.0,1.5
78796,2018-02-22T00:00:00,ISPANAK,Kg,0,1.0,2.0,1.5
78877,2018-02-26T00:00:00,ISPANAK,Kg,0,1.0,2.0,1.5
78958,2018-03-01T00:00:00,ISPANAK,Kg,0,1.0,2.0,1.5
79036,2018-03-05T00:00:00,ISPANAK,Kg,0,1.0,2.0,1.5
79115,2018-03-08T00:00:00,ISPANAK,Kg,0,1.0,2.0,1.5
79195,2018-03-12T00:00:00,ISPANAK,Kg,0,1.0,2.0,1.5
79272,2018-03-15T00:00:00,ISPANAK,Kg,0,1.0,2.0,1.5
79353,2018-03-19T00:00:00,ISPANAK,Kg,0,1.0,2.0,1.5
79435,2018-03-22T00:00:00,ISPANAK,Kg,0,1.0,2.0,1.5
79517,2018-03-26T00:00:00,ISPANAK,Kg,0,1.0,2.2,1.6
79599,2018-03-29T00:00:00,ISPANAK,Kg,0,1.0,2.2,1.6
79681,2018-04-02T00:00:00,ISPANAK,Kg,0,1.0,2.2,1.6
79762,2018-04-05T00:00:00,ISPANAK,Kg,0,1.0,2.2,1.6
79841,2018-04-09T00:00:00,ISPANAK,Kg,0,1.0,2.5,1.75
79921,2018-04-12T00:00:00,ISPANAK,Kg,0,1.0,2.5,1.75
79996,2018-04-16T00:00:00,ISPANAK,Kg,0,1.0,2.5,1.75
80070,2018-04-19T00:00:00,ISPANAK,Kg,0,1.0,2.5,1.75
80145,2018-04-24T00:00:00,ISPANAK,Kg,0,1.0,2.5,1.75
80217,2018-04-26T00:00:00,ISPANAK,Kg,0,1.0,2.5,1.75
80289,2018-04-30T00:00:00,ISPANAK,Kg,0,1.0,2.5,1.75
80360,2018-05-03T00:00:00,ISPANAK,Kg,0,1.0,2.5,1.75
80431,2018-05-07T00:00:00,ISPANAK,Kg,0,1.0,3.2,2.1
80505,2018-05-10T00:00:00,ISPANAK,Kg,0,1.0,3.2,2.1
80577,2018-05-14T00:00:00,ISPANAK,Kg,0,1.0,3.2,2.1
80652,2018-05-17T00:00:00,ISPANAK,Kg,0,1.0,3.2,2.1
80727,2018-05-21T00:00:00,ISPANAK,Kg,0,1.0,3.2,2.1
80804,2018-05-24T00:00:00,ISPANAK,Kg,0,1.0,3.2,2.1
80879,2018-05-28T00:00:00,ISPANAK,Kg,0,1.0,3.2,2.1
80954,2018-05-31T00:00:00,ISPANAK,Kg,0,1.0,3.2,2.1
81029,2018-06-04T00:00:00,ISPANAK,Kg,0,1.0,3.2,2.1
81101,2018-06-07T00:00:00,ISPANAK,Kg,0,1.0,3.2,2.1
81171,2018-06-11T00:00:00,ISPANAK,Kg,0,1.0,3.2,2.1
81244,2018-06-18T00:00:00,ISPANAK,Kg,0,1.0,4.0,2.5
81317,2018-06-21T00:00:00,ISPANAK,Kg,0,1.0,4.0,2.5
81384,2018-06-25T00:00:00,ISPANAK,Kg,0,1.0,4.0,2.5
81453,2018-06-28T00:00:00,ISPANAK,Kg,0,1.0,4.0,2.5
81525,2018-07-02T00:00:00,ISPANAK,Kg,0,1.0,4.0,2.5
81595,2018-07-05T00:00:00,ISPANAK,Kg,0,1.0,4.0,2.5
81667,2018-07-09T00:00:00,ISPANAK,Kg,0,1.0,4.0,2.5
81743,2018-07-12T00:00:00,ISPANAK,Kg,0,1.0,4.0,2.5
81823,2018-07-16T00:00:00,ISPANAK,Kg,0,1.0,4.0,2.5
81906,2018-07-19T00:00:00,ISPANAK,Kg,0,1.0,4.0,2.5
81989,2018-07-23T00:00:00,ISPANAK,Kg,0,1.0,4.0,2.5
82078,2018-07-26T00:00:00,ISPANAK,Kg,0,1.0,4.0,2.5
82164,2018-07-30T00:00:00,ISPANAK,Kg,0,1.0,4.0,2.5
82248,2018-08-02T00:00:00,ISPANAK,Kg,0,1.0,4.0,2.5
82332,2018-08-06T00:00:00,ISPANAK,Kg,0,1.0,4.0,2.5
82419,2018-08-09T00:00:00,ISPANAK,Kg,0,1.0,4.0,2.5
82501,2018-08-13T00:00:00,ISPANAK,Kg,0,1.0,4.0,2.5
82581,2018-08-16T00:00:00,ISPANAK,Kg,0,1.0,4.0,2.5
82659,2018-08-27T00:00:00,ISPANAK,Kg,0,1.0,4.0,2.5
82741,2018-08-31T00:00:00,ISPANAK,Kg,0,1.0,4.0,2.5
82822,2018-09-03T00:00:00,ISPANAK,Kg,0,1.0,4.0,2.5
82898,2018-09-06T00:00:00,ISPANAK,Kg,0,1.0,4.0,2.5
82975,2018-09-10T00:00:00,ISPANAK,Kg,0,1.0,4.0,2.5
83057,2018-09-13T00:00:00,ISPANAK,Kg,0,1.0,4.0,2.5
83148,2018-09-17T00:00:00,ISPANAK,Kg,0,1.0,4.0,2.5
83226,2018-09-20T00:00:00,ISPANAK,Kg,0,1.0,4.0,2.5
83310,2018-09-25T00:00:00,ISPANAK,Kg,0,1.0,4.0,2.5
83400,2018-09-27T00:00:00,ISPANAK,Kg,0,1.0,4.0,2.5
83482,2018-10-01T00:00:00,ISPANAK,Kg,0,1.5,4.0,2.75
83565,2018-10-04T00:00:00,ISPANAK,Kg,0,1.5,4.0,2.75
83648,2018-10-08T00:00:00,ISPANAK,Kg,0,1.5,4.0,2.75
83731,2018-10-11T00:00:00,ISPANAK,Kg,0,1.5,4.0,2.75
83813,2018-10-15T00:00:00,ISPANAK,Kg,0,1.5,4.0,2.75
83889,2018-10-18T00:00:00,ISPANAK,Kg,0,1.5,4.0,2.75
83975,2018-10-22T00:00:00,ISPANAK,Kg,0,1.5,4.0,2.75
84058,2018-10-25T00:00:00,ISPANAK,Kg,0,1.0,3.0,2.0
84133,2018-10-30T00:00:00,ISPANAK,Kg,0,1.0,3.0,2.0
84202,2018-11-01T00:00:00,ISPANAK,Kg,0,1.0,3.0,2.0
84269,2018-11-05T00:00:00,ISPANAK,Kg,0,1.0,3.0,2.0
84337,2018-11-08T00:00:00,ISPANAK,Kg,0,1.0,3.0,2.0
84404,2018-11-12T00:00:00,ISPANAK,Kg,0,1.0,3.0,2.0
84469,2018-11-15T00:00:00,ISPANAK,Kg,0,1.0,3.0,2.0
84536,2018-11-19T00:00:00,ISPANAK,Kg,0,1.0,3.0,2.0
84603,2018-11-22T00:00:00,ISPANAK,Kg,0,1.0,3.0,2.0
84670,2018-11-26T00:00:00,ISPANAK,Kg,0,1.0,3.0,2.0
84737,2018-11-29T00:00:00,ISPANAK,Kg,0,1.0,3.0,2.0
84804,2018-12-03T00:00:00,ISPANAK,Kg,0,1.0,3.0,2.0
84872,2018-12-06T00:00:00,ISPANAK,Kg,0,1.0,2.5,1.75
84941,2018-12-10T00:00:00,ISPANAK,Kg,0,1.0,2.5,1.75
85010,2018-12-13T00:00:00,ISPANAK,Kg,0,1.0,2.5,1.75
85080,2018-12-17T00:00:00,ISPANAK,Kg,0,1.0,2.5,1.75
85152,2018-12-20T00:00:00,ISPANAK,Kg,0,1.0,2.5,1.75
85224,2018-12-24T00:00:00,ISPANAK,Kg,0,1.0,2.5,1.75
85296,2018-12-27T00:00:00,ISPANAK,Kg,0,1.0,2.5,1.75
85370,2018-12-31T00:00:00,ISPANAK,Kg,0,1.0,3.0,2.0
85444,2019-01-03T00:00:00,ISPANAK,Kg,0,1.0,3.0,2.0
85518,2019-01-07T00:00:00,ISPANAK,Kg,0,2.0,4.5,3.25
85592,2019-01-10T00:00:00,ISPANAK,Kg,0,2.0,4.5,3.25
85666,2019-01-14T00:00:00,ISPANAK,Kg,0,2.0,4.5,3.25
85740,2019-01-17T00:00:00,ISPANAK,Kg,0,3.5,6.5,5.0
85813,2019-01-21T00:00:00,ISPANAK,Kg,0,3.5,6.5,5.0
85886,2019-01-24T00:00:00,ISPANAK,Kg,0,3.5,6.5,5.0
85958,2019-01-28T00:00:00,ISPANAK,Kg,0,3.5,6.5,5.0
86033,2019-01-31T00:00:00,ISPANAK,Kg,0,3.5,6.0,4.75
86107,2019-02-04T00:00:00,ISPANAK,Kg,0,3.5,6.0,4.75
86179,2019-02-07T00:00:00,ISPANAK,Kg,0,3.5,6.0,4.75
86253,2019-02-11T00:00:00,ISPANAK,Kg,0,3.0,5.0,4.0
86328,2019-02-14T00:00:00,ISPANAK,Kg,0,2.5,4.5,3.5
86403,2019-02-18T00:00:00,ISPANAK,Kg,0,2.5,4.5,3.5
86478,2019-02-21T00:00:00,ISPANAK,Kg,0,2.0,3.5,2.75
86553,2019-02-25T00:00:00,ISPANAK,Kg,0,2.0,3.5,2.75
86629,2019-02-28T00:00:00,ISPANAK,Kg,0,2.0,3.5,2.75
86702,2019-03-04T00:00:00,ISPANAK,Kg,0,2.0,3.5,2.75
86777,2019-03-07T00:00:00,ISPANAK,Kg,0,2.0,3.5,2.75
86852,2019-03-11T00:00:00,ISPANAK,Kg,0,2.0,3.5,2.75
86926,2019-03-14T00:00:00,ISPANAK,Kg,0,2.0,3.5,2.75
87001,2019-03-18T00:00:00,ISPANAK,Kg,0,1.5,3.0,2.25
87075,2019-03-21T00:00:00,ISPANAK,Kg,0,1.5,3.0,2.25
87151,2019-03-25T00:00:00,ISPANAK,Kg,0,1.5,3.0,2.25
87228,2019-03-28T00:00:00,ISPANAK,Kg,0,1.5,3.0,2.25
87302,2019-04-01T00:00:00,ISPANAK,Kg,0,1.5,3.5,2.5
87370,2019-04-04T00:00:00,ISPANAK,Kg,0,1.5,3.5,2.5
87442,2019-04-08T00:00:00,ISPANAK,Kg,0,1.5,3.5,2.5
87515,2019-04-11T00:00:00,ISPANAK,Kg,0,1.5,3.5,2.5
87588,2019-04-15T00:00:00,ISPANAK,Kg,0,1.5,3.5,2.5
87663,2019-04-18T00:00:00,ISPANAK,Kg,0,1.5,3.0,2.25
87740,2019-04-22T00:00:00,ISPANAK,Kg,0,1.5,3.0,2.25
87816,2019-04-25T00:00:00,ISPANAK,Kg,0,1.5,3.0,2.25
87893,2019-04-29T00:00:00,ISPANAK,Kg,0,1.5,3.0,2.25
87968,2019-05-02T00:00:00,ISPANAK,Kg,0,1.5,3.0,2.25
88044,2019-05-06T00:00:00,ISPANAK,Kg,0,1.5,3.0,2.25
88119,2019-05-09T00:00:00,ISPANAK,Kg,0,1.5,3.0,2.25
88189,2019-05-13T00:00:00,ISPANAK,Kg,0,1.5,3.5,2.5
88255,2019-05-16T00:00:00,ISPANAK,Kg,0,1.5,3.5,2.5
88322,2019-05-20T00:00:00,ISPANAK,Kg,0,1.5,3.5,2.5
88390,2019-05-23T00:00:00,ISPANAK,Kg,0,1.5,3.5,2.5
88458,2019-05-27T00:00:00,ISPANAK,Kg,0,1.0,2.5,1.75
88525,2019-05-30T00:00:00,ISPANAK,Kg,0,1.0,2.5,1.75
88591,2019-06-10T00:00:00,ISPANAK,Kg,0,1.0,2.5,1.75
88658,2019-06-13T00:00:00,ISPANAK,Kg,0,1.0,3.0,2.0
88734,2019-06-17T00:00:00,ISPANAK,Kg,0,1.0,3.0,2.0
88810,2019-06-20T00:00:00,ISPANAK,Kg,0,1.0,3.0,2.0
88886,2019-06-24T00:00:00,ISPANAK,Kg,0,1.5,4.0,2.75
88962,2019-06-27T00:00:00,ISPANAK,Kg,0,1.5,4.0,2.75
89041,2019-07-01T00:00:00,ISPANAK,Kg,0,1.5,4.5,3.0
89120,2019-07-04T00:00:00,ISPANAK,Kg,0,1.5,4.5,3.0
89201,2019-07-08T00:00:00,ISPANAK,Kg,0,2.5,5.5,4.0
89283,2019-07-11T00:00:00,ISPANAK,Kg,0,2.5,5.5,4.0
89364,2019-07-16T00:00:00,ISPANAK,Kg,0,2.5,5.5,4.0
89444,2019-07-18T00:00:00,ISPANAK,Kg,0,2.5,5.5,4.0
89530,2019-07-22T00:00:00,ISPANAK,Kg,0,2.5,5.5,4.0
89612,2019-07-25T00:00:00,ISPANAK,Kg,0,2.5,5.5,4.0
89694,2019-07-29T00:00:00,ISPANAK,Kg,0,2.5,5.5,4.0
89774,2019-08-01T00:00:00,ISPANAK,Kg,0,2.0,4.5,3.25
89855,2019-08-05T00:00:00,ISPANAK,Kg,0,1.5,3.0,2.25
89936,2019-08-08T00:00:00,ISPANAK,Kg,0,1.5,3.0,2.25
90014,2019-08-15T00:00:00,ISPANAK,Kg,0,1.5,3.0,2.25
90092,2019-08-19T00:00:00,ISPANAK,Kg,0,1.5,4.0,2.75
90172,2019-08-22T00:00:00,ISPANAK,Kg,0,1.5,4.0,2.75
90253,2019-08-26T00:00:00,ISPANAK,Kg,0,1.5,4.0,2.75
90333,2019-08-29T00:00:00,ISPANAK,Kg,0,1.5,4.0,2.75
90409,2019-09-02T00:00:00,ISPANAK,Kg,0,1.5,4.0,2.75
90479,2019-09-05T00:00:00,ISPANAK,Kg,0,1.5,4.0,2.75
90557,2019-09-09T00:00:00,ISPANAK,Kg,0,1.5,4.0,2.75
90634,2019-09-12T00:00:00,ISPANAK,Kg,0,1.5,4.0,2.75
90712,2019-09-16T00:00:00,ISPANAK,Kg,0,1.5,4.0,2.75
90790,2019-09-19T00:00:00,ISPANAK,Kg,0,1.5,4.0,2.75
90865,2019-09-23T00:00:00,ISPANAK,Kg,0,1.5,4.0,2.75
90936,2019-09-26T00:00:00,ISPANAK,Kg,0,1.5,4.0,2.75
91038,2019-09-30T00:00:00,ISPANAK,Kg,0,1.5,4.0,2.75
91118,2019-10-03T00:00:00,ISPANAK,Kg,0,1.5,4.0,2.75
91199,2019-10-07T00:00:00,ISPANAK,Kg,0,1.5,4.0,2.75
91280,2019-10-10T00:00:00,ISPANAK,Kg,0,1.5,4.0,2.75
91361,2019-10-14T00:00:00,ISPANAK,Kg,0,1.5,4.0,2.75
91439,2019-10-17T00:00:00,ISPANAK,Kg,0,1.5,4.0,2.75
91518,2019-10-21T00:00:00,ISPANAK,Kg,0,1.5,4.0,2.75
91598,2019-10-24T00:00:00,ISPANAK,Kg,0,1.0,3.5,2.25
91678,2019-10-28T00:00:00,ISPANAK,Kg,0,1.0,3.5,2.25
91756,2019-10-31T00:00:00,ISPANAK,Kg,0,1.0,3.5,2.25
91826,2019-11-04T00:00:00,ISPANAK,Kg,0,1.0,3.5,2.25
91891,2019-11-07T00:00:00,ISPANAK,Kg,0,1.0,3.5,2.25
91954,2019-11-11T00:00:00,ISPANAK,Kg,0,1.0,3.5,2.25
92017,2019-11-14T00:00:00,ISPANAK,Kg,0,1.0,3.5,2.25
92082,2019-11-18T00:00:00,ISPANAK,Kg,0,1.0,3.5,2.25
92146,2019-11-21T00:00:00,ISPANAK,Kg,0,1.0,3.0,2.0
92211,2019-11-25T00:00:00,ISPANAK,Kg,0,1.0,3.0,2.0
92279,2019-11-28T00:00:00,ISPANAK,Kg,0,1.0,2.5,1.75
92348,2019-12-02T00:00:00,ISPANAK,Kg,0,1.0,2.5,1.75
92417,2019-12-05T00:00:00,ISPANAK,Kg,0,1.0,2.5,1.75
92486,2019-12-09T00:00:00,ISPANAK,Kg,0,1.0,2.5,1.75
92555,2019-12-12T00:00:00,ISPANAK,Kg,0,1.0,2.5,1.75
92624,2019-12-16T00:00:00,ISPANAK,Kg,0,1.0,2.5,1.75
92693,2019-12-19T00:00:00,ISPANAK,Kg,0,1.0,2.5,1.75
92762,2019-12-23T00:00:00,ISPANAK,Kg,0,1.0,2.5,1.75
92832,2019-12-26T00:00:00,ISPANAK,Kg,0,1.0,2.5,1.75
92903,2019-12-30T00:00:00,ISPANAK,Kg,0,1.0,2.5,1.75
92974,2020-01-02T00:00:00,ISPANAK,Kg,0,1.0,2.5,1.75
93045,2020-01-06T00:00:00,ISPANAK,Kg,0,1.0,2.5,1.75
93116,2020-01-09T00:00:00,ISPANAK,Kg,0,1.0,2.5,1.75
93187,2020-01-13T00:00:00,ISPANAK,Kg,0,1.0,2.5,1.75
93257,2020-01-16T00:00:00,ISPANAK,Kg,0,1.0,2.5,1.75
93328,2020-01-20T00:00:00,ISPANAK,Kg,0,1.0,2.5,1.75
93400,2020-01-23T00:00:00,ISPANAK,Kg,0,1.5,3.5,2.5
93472,2020-01-27T00:00:00,ISPANAK,Kg,0,1.5,3.5,2.5
93544,2020-01-30T00:00:00,ISPANAK,Kg,0,2.0,4.0,3.0
93616,2020-02-03T00:00:00,ISPANAK,Kg,0,2.0,4.0,3.0
93688,2020-02-06T00:00:00,ISPANAK,Kg,0,2.0,4.0,3.0
93759,2020-02-10T00:00:00,ISPANAK,Kg,0,2.0,4.0,3.0
93829,2020-02-13T00:00:00,ISPANAK,Kg,0,2.0,4.0,3.0
93899,2020-02-17T00:00:00,ISPANAK,Kg,0,1.5,3.5,2.5
93969,2020-02-20T00:00:00,ISPANAK,Kg,0,1.5,3.5,2.5
94037,2020-02-24T00:00:00,ISPANAK,Kg,0,1.5,3.5,2.5
94106,2020-02-27T00:00:00,ISPANAK,Kg,0,1.5,3.5,2.5
94175,2020-03-02T00:00:00,ISPANAK,Kg,0,1.0,3.0,2.0
94244,2020-03-05T00:00:00,ISPANAK,Kg,0,1.0,3.0,2.0
94312,2020-03-09T00:00:00,ISPANAK,Kg,0,1.0,3.0,2.0
94382,2020-03-12T00:00:00,ISPANAK,Kg,0,1.0,3.0,2.0
94452,2020-03-16T00:00:00,ISPANAK,Kg,0,1.0,2.5,1.75
94522,2020-03-19T00:00:00,ISPANAK,Kg,0,1.0,2.5,1.75
94590,2020-03-23T00:00:00,ISPANAK,Kg,0,1.0,2.5,1.75
94663,2020-03-26T00:00:00,ISPANAK,Kg,0,1.0,2.5,1.75
94736,2020-03-31T00:00:00,ISPANAK,Kg,0,1.0,2.5,1.75
94809,2020-04-02T00:00:00,ISPANAK,Kg,0,1.0,2.5,1.75
94883,2020-04-06T00:00:00,ISPANAK,Kg,0,1.0,2.5,1.75
94957,2020-04-09T00:00:00,ISPANAK,Kg,0,1.0,2.7,1.85
95030,2020-04-13T00:00:00,ISPANAK,Kg,0,1.0,2.7,1.85
95102,2020-04-20T00:00:00,ISPANAK,Kg,0,1.0,3.5,2.25
95171,2020-04-23T00:00:00,ISPANAK,Kg,0,1.0,3.5,2.25
95244,2020-04-27T00:00:00,ISPANAK,Kg,0,1.0,3.5,2.25
95320,2020-04-30T00:00:00,ISPANAK,Kg,0,1.0,3.5,2.25
95377,2020-05-04T00:00:00,ISPANAK,Kg,0,1.0,3.5,2.25
95453,2020-05-07T00:00:00,ISPANAK,Kg,0,2.0,3.5,2.75
95529,2020-05-11T00:00:00,ISPANAK,Kg,0,2.0,3.5,2.75
95604,2020-05-18T00:00:00,ISPANAK,Kg,0,2.0,3.0,2.5
95678,2020-05-21T00:00:00,ISPANAK,Kg,0,2.0,3.5,2.75
95818,2020-06-01T00:00:00,ISPANAK,Kg,0,2.0,4.5,3.25
95893,2020-06-04T00:00:00,ISPANAK,Kg,0,2.0,4.5,3.25
95971,2020-06-08T00:00:00,ISPANAK,Kg,0,2.0,4.5,3.25
96050,2020-06-11T00:00:00,ISPANAK,Kg,0,2.0,4.5,3.25
96128,2020-06-15T00:00:00,ISPANAK,Kg,0,2.0,4.5,3.25
96205,2020-06-18T00:00:00,ISPANAK,Kg,0,2.0,4.5,3.25
96281,2020-06-22T00:00:00,ISPANAK,Kg,0,2.0,4.5,3.25
96356,2020-06-25T00:00:00,ISPANAK,Kg,0,2.0,4.5,3.25
96442,2020-06-29T00:00:00,ISPANAK,Kg,0,2.0,4.5,3.25
96528,2020-07-02T00:00:00,ISPANAK,Kg,0,2.0,4.5,3.25
96613,2020-07-06T00:00:00,ISPANAK,Kg,0,2.0,4.5,3.25
96697,2020-07-09T00:00:00,ISPANAK,Kg,0,2.0,4.5,3.25
96779,2020-07-14T00:00:00,ISPANAK,Kg,0,2.0,4.5,3.25
96862,2020-07-16T00:00:00,ISPANAK,Kg,0,2.0,4.5,3.25
96950,2020-07-20T00:00:00,ISPANAK,Kg,0,2.0,4.5,3.25
97033,2020-07-23T00:00:00,ISPANAK,Kg,0,2.0,4.5,3.25
97119,2020-07-27T00:00:00,ISPANAK,Kg,0,2.0,4.5,3.25
97194,2020-08-06T00:00:00,ISPANAK,Kg,0,2.0,4.5,3.25
97286,2020-08-10T00:00:00,ISPANAK,Kg,0,2.0,4.5,3.25
97370,2020-08-13T00:00:00,ISPANAK,Kg,0,2.0,4.5,3.25
97451,2020-08-17T00:00:00,ISPANAK,Kg,0,2.0,4.5,3.25
97540,2020-08-20T00:00:00,ISPANAK,Kg,0,2.0,4.5,3.25
97635,2020-08-24T00:00:00,ISPANAK,Kg,0,2.0,4.5,3.25
97724,2020-08-27T00:00:00,ISPANAK,Kg,0,2.0,4.5,3.25
97812,2020-08-31T00:00:00,ISPANAK,Kg,0,2.0,4.5,3.25
97899,2020-09-03T00:00:00,ISPANAK,Kg,0,2.0,4.5,3.25
97986,2020-09-07T00:00:00,ISPANAK,Kg,0,2.0,4.5,3.25
98073,2020-09-10T00:00:00,ISPANAK,Kg,0,2.0,5.0,3.5
98158,2020-09-14T00:00:00,ISPANAK,Kg,0,2.0,5.0,3.5
98245,2020-09-17T00:00:00,ISPANAK,Kg,0,2.0,5.0,3.5
98332,2020-09-21T00:00:00,ISPANAK,Kg,0,2.0,5.0,3.5
98418,2020-09-24T00:00:00,ISPANAK,Kg,0,2.0,5.0,3.5
98505,2020-09-28T00:00:00,ISPANAK,Kg,0,2.0,5.0,3.5
98593,2020-10-01T00:00:00,ISPANAK,Kg,0,2.0,5.0,3.5
98681,2020-10-05T00:00:00,ISPANAK,Kg,0,2.0,5.0,3.5
98771,2020-10-08T00:00:00,ISPANAK,Kg,0,2.0,5.0,3.5
98859,2020-10-12T00:00:00,ISPANAK,Kg,0,2.0,5.0,3.5
98947,2020-10-15T00:00:00,ISPANAK,Kg,0,2.0,5.0,3.5
99035,2020-10-19T00:00:00,ISPANAK,Kg,0,8.0,12.0,10.0
99121,2020-10-22T00:00:00,ISPANAK,Kg,0,2.0,5.0,3.5
99207,2020-10-26T00:00:00,ISPANAK,Kg,0,2.0,5.0,3.5
99285,2020-11-02T00:00:00,ISPANAK,Kg,0,2.0,5.0,3.5
99358,2020-11-05T00:00:00,ISPANAK,Kg,0,2.0,5.0,3.5
99432,2020-11-09T00:00:00,ISPANAK,Kg,0,2.0,5.0,3.5
99503,2020-11-12T00:00:00,ISPANAK,Kg,0,2.0,4.0,3.0
99575,2020-11-16T00:00:00,ISPANAK,Kg,0,2.0,4.0,3.0
99645,2020-11-19T00:00:00,ISPANAK,Kg,0,2.0,4.0,3.0
99716,2020-11-23T00:00:00,ISPANAK,Kg,0,2.0,4.0,3.0
99788,2020-11-27T00:00:00,ISPANAK,Kg,0,2.0,4.0,3.0
99860,2020-11-30T00:00:00,ISPANAK,Kg,0,2.0,4.0,3.0
99933,2020-12-03T00:00:00,ISPANAK,Kg,0,2.0,4.0,3.0
100004,2020-12-07T00:00:00,ISPANAK,Kg,0,2.0,4.0,3.0
100070,2020-12-10T00:00:00,ISPANAK,Kg,0,2.0,4.0,3.0
100135,2020-12-14T00:00:00,ISPANAK,Kg,0,2.0,4.0,3.0
100208,2020-12-17T00:00:00,ISPANAK,Kg,0,2.0,4.0,3.0
100279,2020-12-21T00:00:00,ISPANAK,Kg,0,2.0,4.0,3.0
100352,2020-12-24T00:00:00,ISPANAK,Kg,0,2.0,4.0,3.0
100424,2020-12-28T00:00:00,ISPANAK,Kg,0,2.0,4.0,3.0
100496,2020-12-31T00:00:00,ISPANAK,Kg,0,2.0,4.0,3.0
100568,2021-01-04T00:00:00,ISPANAK,Kg,0,2.0,4.0,3.0
100640,2021-01-07T00:00:00,ISPANAK,Kg,0,2.0,4.0,3.0
100713,2021-01-11T00:00:00,ISPANAK,Kg,0,1.5,3.2,2.35
100787,2021-01-14T00:00:00,ISPANAK,Kg,0,1.5,3.2,2.35
100861,2021-01-18T00:00:00,ISPANAK,Kg,0,1.5,3.0,2.25
100935,2021-01-21T00:00:00,ISPANAK,Kg,0,1.5,3.0,2.25
101009,2021-01-25T00:00:00,ISPANAK,Kg,0,1.5,3.0,2.25
101082,2021-01-28T00:00:00,ISPANAK,Kg,0,1.5,3.0,2.25
101155,2021-02-01T00:00:00,ISPANAK,Kg,0,1.5,3.0,2.25
101227,2021-02-04T00:00:00,ISPANAK,Kg,0,1.5,3.0,2.25
101300,2021-02-08T00:00:00,ISPANAK,Kg,0,1.0,2.5,1.75
101371,2021-02-11T00:00:00,ISPANAK,Kg,0,1.0,2.5,1.75
101445,2021-02-15T00:00:00,ISPANAK,Kg,0,1.0,2.5,1.75
101518,2021-02-18T00:00:00,ISPANAK,Kg,0,1.0,2.5,1.75
101591,2021-02-22T00:00:00,ISPANAK,Kg,0,1.0,2.5,1.75
101664,2021-02-25T00:00:00,ISPANAK,Kg,0,1.0,2.5,1.75
101738,2021-03-01T00:00:00,ISPANAK,Kg,0,1.0,2.0,1.5
101809,2021-03-04T00:00:00,ISPANAK,Kg,0,1.0,2.0,1.5
101879,2021-03-08T00:00:00,ISPANAK,Kg,0,1.0,2.0,1.5
101951,2021-03-11T00:00:00,ISPANAK,Kg,0,1.0,2.0,1.5
102029,2021-03-17T00:00:00,ISPANAK,Kg,0,1.0,2.0,1.5
102102,2021-03-18T00:00:00,ISPANAK,Kg,0,1.0,2.0,1.5
102172,2021-03-22T00:00:00,ISPANAK,Kg,0,1.0,2.0,1.5
102252,2021-03-25T00:00:00,ISPANAK,Kg,0,1.0,2.0,1.5
102328,2021-03-29T00:00:00,ISPANAK,Kg,0,1.0,2.0,1.5
102404,2021-04-12T00:00:00,ISPANAK,Kg,0,1.0,2.5,1.75
102477,2021-04-15T00:00:00,ISPANAK,Kg,0,1.5,3.0,2.25
102551,2021-04-19T00:00:00,ISPANAK,Kg,0,1.5,3.0,2.25
102623,2021-04-22T00:00:00,ISPANAK,Kg,0,1.5,3.0,2.25
102695,2021-04-26T00:00:00,ISPANAK,Kg,0,1.5,3.0,2.25
102769,2021-04-29T00:00:00,ISPANAK,Kg,0,1.5,3.0,2.25
102843,2021-05-03T00:00:00,ISPANAK,Kg,0,1.5,3.0,2.25
102911,2021-05-06T00:00:00,ISPANAK,Kg,0,1.5,3.0,2.25
102983,2021-05-17T00:00:00,ISPANAK,Kg,0,1.5,3.0,2.25
103056,2021-05-20T00:00:00,ISPANAK,Kg,0,1.5,3.0,2.25
103129,2021-05-24T00:00:00,ISPANAK,Kg,0,1.5,3.0,2.25
103199,2021-05-27T00:00:00,ISPANAK,Kg,0,1.0,3.5,2.25
103275,2021-05-31T00:00:00,ISPANAK,Kg,0,1.5,3.5,2.5
103349,2021-06-03T00:00:00,ISPANAK,Kg,0,1.5,3.5,2.5
103424,2021-06-07T00:00:00,ISPANAK,Kg,0,1.5,3.5,2.5
103499,2021-06-10T00:00:00,ISPANAK,Kg,0,1.5,3.5,2.5
103575,2021-06-14T00:00:00,ISPANAK,Kg,0,2.0,4.0,3.0
103651,2021-06-21T00:00:00,ISPANAK,Kg,0,2.0,4.0,3.0
103727,2021-06-24T00:00:00,ISPANAK,Kg,0,2.0,4.0,3.0
103804,2021-06-28T00:00:00,ISPANAK,Kg,0,2.0,4.0,3.0
103872,2021-07-01T00:00:00,ISPANAK,Kg,0,2.0,4.0,3.0
104005,2021-07-08T00:00:00,ISPANAK,Kg,0,2.0,4.0,3.0
104085,2021-07-12T00:00:00,ISPANAK,Kg,0,2.0,4.0,3.0
104164,2021-07-16T00:00:00,ISPANAK,Kg,0,2.0,4.0,3.0
104243,2021-07-26T00:00:00,ISPANAK,Kg,0,2.0,4.0,3.0
104322,2021-07-29T00:00:00,ISPANAK,Kg,0,2.0,4.0,3.0
104398,2021-08-02T00:00:00,ISPANAK,Kg,0,2.0,4.0,3.0
104475,2021-08-05T00:00:00,ISPANAK,Kg,0,2.0,4.0,3.0
104553,2021-08-09T00:00:00,ISPANAK,Kg,0,2.0,4.0,3.0
104630,2021-08-12T00:00:00,ISPANAK,Kg,0,2.0,4.0,3.0
104709,2021-08-16T00:00:00,ISPANAK,Kg,0,2.0,4.0,3.0
104795,2021-08-19T00:00:00,ISPANAK,Kg,0,2.0,4.0,3.0
104881,2021-08-23T00:00:00,ISPANAK,Kg,0,2.0,4.0,3.0
104969,2021-08-26T00:00:00,ISPANAK,Kg,0,2.0,4.0,3.0
105033,2021-08-31T00:00:00,ISPANAK,Kg,0,2.0,4.0,3.0
105107,2021-09-06T00:00:00,ISPANAK,Kg,0,2.0,4.0,3.0
105182,2021-09-09T00:00:00,ISPANAK,Kg,0,2.0,4.0,3.0
105258,2021-09-16T00:00:00,ISPANAK,Kg,0,3.0,5.0,4.0
105333,2021-09-20T00:00:00,ISPANAK,Kg,0,3.0,5.0,4.0
105409,2021-09-23T00:00:00,ISPANAK,Kg,0,3.0,5.0,4.0
105485,2021-09-27T00:00:00,ISPANAK,Kg,0,3.0,5.0,4.0
105561,2021-09-30T00:00:00,ISPANAK,Kg,0,3.0,5.0,4.0
105638,2021-10-04T00:00:00,ISPANAK,Kg,0,3.0,5.5,4.25
105715,2021-10-07T00:00:00,ISPANAK,Kg,0,3.0,5.5,4.25
105791,2021-10-11T00:00:00,ISPANAK,Kg,0,3.0,5.5,4.25
105865,2021-10-18T00:00:00,ISPANAK,Kg,0,3.0,5.5,4.25
105939,2021-10-21T00:00:00,ISPANAK,Kg,0,3.0,5.5,4.25
106011,2021-10-25T00:00:00,ISPANAK,Kg,0,3.0,5.5,4.25
106085,2021-10-28T00:00:00,ISPANAK,Kg,0,3.0,5.5,4.25
106158,2021-11-01T00:00:00,ISPANAK,Kg,0,3.0,5.5,4.25
106228,2021-11-04T00:00:00,ISPANAK,Kg,0,3.0,5.5,4.25
106303,2021-11-08T00:00:00,ISPANAK,Kg,0,3.0,5.5,4.25
106378,2021-11-11T00:00:00,ISPANAK,Kg,0,3.0,5.5,4.25
106451,2021-11-15T00:00:00,ISPANAK,Kg,0,3.0,5.5,4.25
106524,2021-11-18T00:00:00,ISPANAK,Kg,0,3.0,5.5,4.25
106597,2021-11-22T00:00:00,ISPANAK,Kg,0,2.5,4.5,3.5
106670,2021-11-25T00:00:00,ISPANAK,Kg,0,2.5,4.5,3.5
106742,2021-11-29T00:00:00,ISPANAK,Kg,0,2.5,4.5,3.5
106814,2021-12-02T00:00:00,ISPANAK,Kg,0,2.5,4.5,3.5
106886,2021-12-06T00:00:00,ISPANAK,Kg,0,2.0,4.0,3.0
106959,2021-12-09T00:00:00,ISPANAK,Kg,0,2.0,4.0,3.0
107032,2021-12-13T00:00:00,ISPANAK,Kg,0,2.0,4.0,3.0
107105,2021-12-16T00:00:00,ISPANAK,Kg,0,2.0,4.0,3.0
107178,2021-12-20T00:00:00,ISPANAK,Kg,0,2.0,4.0,3.0
107247,2021-12-27T00:00:00,ISPANAK,Kg,0,2.0,4.0,3.0
107321,2021-12-30T00:00:00,ISPANAK,Kg,0,2.0,4.0,3.0
107394,2022-01-03T00:00:00,ISPANAK,Kg,0,2.0,4.0,3.0
107468,2022-01-06T00:00:00,ISPANAK,Kg,0,2.0,4.0,3.0
107542,2022-01-10T00:00:00,ISPANAK,Kg,0,2.0,4.0,3.0
107616,2022-01-13T00:00:00,ISPANAK,Kg,0,3.0,5.0,4.0
107690,2022-01-17T00:00:00,ISPANAK,Kg,0,3.0,5.0,4.0
107764,2022-01-20T00:00:00,ISPANAK,Kg,0,3.0,5.0,4.0
107838,2022-01-24T00:00:00,ISPANAK,Kg,0,3.0,5.0,4.0
107912,2022-01-27T00:00:00,ISPANAK,Kg,0,3.0,5.0,4.0
107986,2022-01-31T00:00:00,ISPANAK,Kg,0,5.0,7.0,6.0
108060,2022-02-03T00:00:00,ISPANAK,Kg,0,5.0,7.0,6.0
108134,2022-02-07T00:00:00,ISPANAK,Kg,0,5.0,7.0,6.0
108208,2022-02-10T00:00:00,ISPANAK,Kg,0,7.0,10.0,8.5
108282,2022-02-14T00:00:00,ISPANAK,Kg,0,6.0,9.0,7.5
108356,2022-02-17T00:00:00,ISPANAK,Kg,0,6.0,9.0,7.5
108428,2022-02-21T00:00:00,ISPANAK,Kg,0,5.0,9.0,7.0
108501,2022-02-28T00:00:00,ISPANAK,Kg,0,5.0,8.0,6.5
108574,2022-03-03T00:00:00,ISPANAK,Kg,0,5.0,8.0,6.5
108647,2022-03-07T00:00:00,ISPANAK,Kg,0,5.0,7.0,6.0
108719,2022-03-10T00:00:00,ISPANAK,Kg,0,5.0,7.0,6.0
108791,2022-03-14T00:00:00,ISPANAK,Kg,0,5.0,7.0,6.0
108863,2022-03-17T00:00:00,ISPANAK,Kg,0,4.0,6.5,5.25
108935,2022-03-21T00:00:00,ISPANAK,Kg,0,4.0,7.0,5.5
109007,2022-03-24T00:00:00,ISPANAK,Kg,0,5.0,7.5,6.25
109079,2022-03-28T00:00:00,ISPANAK,Kg,0,5.0,7.5,6.25
109151,2022-03-31T00:00:00,ISPANAK,Kg,0,6.0,8.0,7.0
109223,2022-04-04T00:00:00,ISPANAK,Kg,0,6.0,8.0,7.0
109295,2022-04-07T00:00:00,ISPANAK,Kg,0,6.0,8.0,7.0
109366,2022-04-11T00:00:00,ISPANAK,Kg,0,5.0,7.5,6.25
109437,2022-04-14T00:00:00,ISPANAK,Kg,0,5.0,7.5,6.25
109508,2022-04-18T00:00:00,ISPANAK,Kg,0,5.0,7.5,6.25
109579,2022-04-21T00:00:00,ISPANAK,Kg,0,5.0,7.5,6.25
109650,2022-04-25T00:00:00,ISPANAK,Kg,0,3.5,6.5,5.0
109725,2022-04-28T00:00:00,ISPANAK,Kg,0,3.5,6.5,5.0
109802,2022-05-05T00:00:00,ISPANAK,Kg,0,3.5,6.5,5.0
109879,2022-05-09T00:00:00,ISPANAK,Kg,0,3.5,7.0,5.25
109958,2022-05-12T00:00:00,ISPANAK,Kg,0,3.5,7.0,5.25
110035,2022-05-16T00:00:00,ISPANAK,Kg,0,3.5,7.0,5.25
110115,2022-05-23T00:00:00,ISPANAK,Kg,0,3.5,7.0,5.25
110190,2022-05-26T00:00:00,ISPANAK,Kg,0,3.5,7.0,5.25
110264,2022-05-30T00:00:00,ISPANAK,Kg,0,3.5,7.0,5.25
110337,2022-06-06T00:00:00,ISPANAK,Kg,0,3.5,7.0,5.25
110408,2022-06-13T00:00:00,ISPANAK,Kg,0,3.5,7.0,5.25
110480,2022-06-16T00:00:00,ISPANAK,Kg,0,3.5,8.0,5.75
110550,2022-06-20T00:00:00,ISPANAK,Kg,0,3.5,8.0,5.75
110622,2022-06-23T00:00:00,ISPANAK,Kg,0,3.5,8.0,5.75
110694,2022-06-27T00:00:00,ISPANAK,Kg,0,3.5,9.0,6.25
110767,2022-06-30T00:00:00,ISPANAK,Kg,0,3.5,9.0,6.25
110840,2022-07-04T00:00:00,ISPANAK,Kg,0,3.5,9.0,6.25
110911,2022-07-07T00:00:00,ISPANAK,Kg,0,3.5,9.0,6.25
110982,2022-07-18T00:00:00,ISPANAK,Kg,0,3.5,9.0,6.25
111058,2022-07-21T00:00:00,ISPANAK,Kg,0,3.5,9.0,6.25
111134,2022-07-25T00:00:00,ISPANAK,Kg,0,3.5,9.0,6.25
111209,2022-07-28T00:00:00,ISPANAK,Kg,0,3.5,9.0,6.25
111284,2022-08-01T00:00:00,ISPANAK,Kg,0,3.5,9.0,6.25
111357,2022-08-08T00:00:00,ISPANAK,Kg,0,3.5,9.0,6.25
111431,2022-08-11T00:00:00,ISPANAK,Kg,0,3.5,9.0,6.25
111504,2022-08-15T00:00:00,ISPANAK,Kg,0,3.5,9.0,6.25
111576,2022-08-18T00:00:00,ISPANAK,Kg,0,3.5,9.0,6.25
111647,2022-08-22T00:00:00,ISPANAK,Kg,0,3.5,9.0,6.25
111718,2022-08-25T00:00:00,ISPANAK,Kg,0,3.5,9.0,6.25
111784,2022-08-29T00:00:00,ISPANAK,Kg,0,3.5,9.0,6.25
111866,2022-09-01T00:00:00,ISPANAK,Kg,0,3.5,9.0,6.25
111937,2022-09-05T00:00:00,ISPANAK,Kg,0,3.0,9.0,6.0
112008,2022-09-09T00:00:00,ISPANAK,Kg,0,3.5,9.0,6.25
112078,2022-09-12T00:00:00,ISPANAK,Kg,0,3.5,9.0,6.25
112148,2022-09-15T00:00:00,ISPANAK,Kg,0,6.0,11.0,8.5
112219,2022-09-19T00:00:00,ISPANAK,Kg,0,6.0,11.0,8.5
112290,2022-09-26T00:00:00,ISPANAK,Kg,0,8.0,12.0,10.0
112361,2022-09-29T00:00:00,ISPANAK,Kg,0,8.0,12.0,10.0
112433,2022-10-03T00:00:00,ISPANAK,Kg,0,8.0,12.0,10.0
112505,2022-10-06T00:00:00,ISPANAK,Kg,0,8.0,12.0,10.0
112580,2022-10-10T00:00:00,ISPANAK,Kg,0,8.0,12.0,10.0
112658,2022-10-13T00:00:00,ISPANAK,Kg,0,8.0,12.0,10.0
112736,2022-10-17T00:00:00,ISPANAK,Kg,0,8.0,12.0,10.0
112813,2022-10-21T00:00:00,ISPANAK,Kg,0,8.0,12.0,10.0
112890,2022-10-24T00:00:00,ISPANAK,Kg,0,8.0,12.0,10.0
112964,2022-10-31T00:00:00,ISPANAK,Kg,0,8.0,12.0,10.0
113040,2022-11-03T00:00:00,ISPANAK,Kg,0,5.0,10.0,7.5
113110,2022-11-07T00:00:00,ISPANAK,Kg,0,5.0,11.0,8.0
113198,2022-11-10T00:00:00,ISPANAK,Kg,0,5.0,11.0,8.0
113271,2022-11-14T00:00:00,ISPANAK,Kg,0,5.0,12.0,8.5
113344,2022-11-17T00:00:00,ISPANAK,Kg,0,5.0,12.0,8.5
113418,2022-11-21T00:00:00,ISPANAK,Kg,0,5.0,10.0,7.5
113490,2022-11-24T00:00:00,ISPANAK,Kg,0,5.0,10.0,7.5
113562,2022-11-28T00:00:00,ISPANAK,Kg,0,5.0,10.0,7.5
113634,2022-12-01T00:00:00,ISPANAK,Kg,0,5.0,10.0,7.5
113712,2022-12-05T00:00:00,ISPANAK,Kg,0,5.0,10.0,7.5
113788,2022-12-08T00:00:00,ISPANAK,Kg,0,4.0,8.0,6.0
113864,2022-12-12T00:00:00,ISPANAK,Kg,0,4.0,8.0,6.0
113941,2022-12-15T00:00:00,ISPANAK,Kg,0,4.0,8.0,6.0
114017,2022-12-19T00:00:00,ISPANAK,Kg,0,4.0,8.0,6.0
114092,2022-12-22T00:00:00,ISPANAK,Kg,0,4.5,8.0,6.25
114169,2022-12-26T00:00:00,ISPANAK,Kg,0,4.0,8.0,6.0
114247,2022-12-29T00:00:00,ISPANAK,Kg,0,4.0,8.0,6.0
114326,2023-01-02T00:00:00,ISPANAK,Kg,0,4.0,8.0,6.0
114405,2023-01-05T00:00:00,ISPANAK,Kg,0,4.0,8.0,6.0
114484,2023-01-09T00:00:00,ISPANAK,Kg,0,4.0,8.0,6.0
114562,2023-01-12T00:00:00,ISPANAK,Kg,0,4.0,8.0,6.0
114639,2023-01-16T00:00:00,ISPANAK,Kg,0,4.0,8.0,6.0
114717,2023-01-19T00:00:00,ISPANAK,Kg,0,4.0,8.0,6.0
114795,2023-01-23T00:00:00,ISPANAK,Kg,0,4.0,8.0,6.0
114873,2023-01-26T00:00:00,ISPANAK,Kg,0,4.0,8.0,6.0
114950,2023-02-02T00:00:00,ISPANAK,Kg,0,4.0,8.0,6.0
115028,2023-02-06T00:00:00,ISPANAK,Kg,0,4.0,8.0,6.0
115106,2023-02-09T00:00:00,ISPANAK,Kg,0,4.0,8.0,6.0
115185,2023-02-13T00:00:00,ISPANAK,Kg,0,4.0,8.0,6.0
115264,2023-02-16T00:00:00,ISPANAK,Kg,0,4.0,8.0,6.0
115343,2023-02-20T00:00:00,ISPANAK,Kg,0,4.0,8.0,6.0
115422,2023-02-23T00:00:00,ISPANAK,Kg,0,4.0,8.0,6.0
115500,2023-02-27T00:00:00,ISPANAK,Kg,0,4.0,8.0,6.0
115579,2023-03-02T00:00:00,ISPANAK,Kg,0,4.0,8.0,6.0
115657,2023-03-06T00:00:00,ISPANAK,Kg,0,4.0,8.0,6.0
115735,2023-03-09T00:00:00,ISPANAK,Kg,0,4.0,8.0,6.0
115812,2023-03-13T00:00:00,ISPANAK,Kg,0,4.0,7.0,5.5
115890,2023-03-16T00:00:00,ISPANAK,Kg,0,4.0,7.0,5.5
115966,2023-03-20T00:00:00,ISPANAK,Kg,0,4.0,7.0,5.5
116044,2023-03-23T00:00:00,ISPANAK,Kg,0,4.0,7.0,5.5
116120,2023-03-27T00:00:00,ISPANAK,Kg,0,4.0,7.0,5.5
116197,2023-04-03T00:00:00,ISPANAK,Kg,0,4.0,7.0,5.5
116276,2023-04-06T00:00:00,ISPANAK,Kg,0,4.0,7.0,5.5
116354,2023-04-10T00:00:00,ISPANAK,Kg,0,5.0,8.5,6.75
116432,2023-04-13T00:00:00,ISPANAK,Kg,0,5.0,8.5,6.75
116509,2023-04-17T00:00:00,ISPANAK,Kg,0,5.0,8.5,6.75
116586,2023-04-24T00:00:00,ISPANAK,Kg,0,5.0,9.0,7.0
116663,2023-05-08T00:00:00,ISPANAK,Kg,0,5.0,9.0,7.0
116745,2023-05-11T00:00:00,ISPANAK,Kg,0,5.0,9.0,7.0
116826,2023-05-15T00:00:00,ISPANAK,Kg,0,5.0,9.0,7.0
116907,2023-05-18T00:00:00,ISPANAK,Kg,0,5.0,9.0,7.0
116988,2023-05-22T00:00:00,ISPANAK,Kg,0,5.0,9.0,7.0
117069,2023-05-25T00:00:00,ISPANAK,Kg,0,5.0,9.0,7.0
117150,2023-05-29T00:00:00,ISPANAK,Kg,0,5.0,9.0,7.0
117230,2023-06-01T00:00:00,ISPANAK,Kg,0,5.0,9.0,7.0
117310,2023-06-05T00:00:00,ISPANAK,Kg,0,5.0,9.0,7.0
117390,2023-06-08T00:00:00,ISPANAK,Kg,0,5.0,9.0,7.0
